ROOM	ROOM	DISTANCE
1	1	0
1	2	3
1	3	4
1	4	5
1	5	6
1	6	7
1	8	8
1	9	9
1	10	9
1	11	10
1	12	11
1	13	12
1	14	13
1	15	14
1	16	15
1	17	1
1	18	2
1	19	3
1	20	4
1	22	5
1	23	6
1	24	7
1	25	8
1	26	9
1	27	10
1	28	11
1	29	12
1	30	13
1	82	14
1	83	2
1	84	3
1	85	4
1	86	5
1	87	6
1	88	7
1	89	10
1	90	11
1	92	12
1	93	13
1	94	14
1	95	15
1	96	8
1	97	9
1	98	10
1	99	11
1	100	12
1	101	8
1	102	9
1	103	10
1	104	11
1	105	12
1	107	7
1	108	8
1	109	9
1	110	10
1	111	11
1	112	7
2	1	3
2	2	0
2	3	3
2	4	4
2	5	5
2	6	6
2	8	7
2	9	8
2	10	8
2	11	9
2	12	10
2	13	11
2	14	12
2	15	13
2	16	14
2	17	2
2	18	1
2	19	2
2	20	3
2	22	4
2	23	5
2	24	6
2	25	7
2	26	8
2	27	9
2	28	10
2	29	11
2	30	12
2	82	13
2	83	3
2	84	2
2	85	3
2	86	4
2	87	5
2	88	6
2	89	9
2	90	10
2	92	11
2	93	12
2	94	13
2	95	14
2	96	7
2	97	8
2	98	9
2	99	10
2	100	11
2	101	7
2	102	8
2	103	9
2	104	10
2	105	11
2	107	6
2	108	7
2	109	8
2	110	9
2	111	10
2	112	6
3	1	4
3	2	3
3	3	0
3	4	3
3	5	4
3	6	5
3	8	6
3	9	7
3	10	7
3	11	8
3	12	9
3	13	10
3	14	11
3	15	12
3	16	13
3	17	3
3	18	2
3	19	1
3	20	2
3	22	3
3	23	4
3	24	5
3	25	6
3	26	7
3	27	8
3	28	9
3	29	10
3	30	11
3	82	12
3	83	4
3	84	3
3	85	2
3	86	3
3	87	4
3	88	5
3	89	8
3	90	9
3	92	10
3	93	11
3	94	12
3	95	13
3	96	6
3	97	7
3	98	8
3	99	9
3	100	10
3	101	6
3	102	7
3	103	8
3	104	9
3	105	10
3	107	5
3	108	6
3	109	7
3	110	8
3	111	9
3	112	5
4	1	5
4	2	4
4	3	3
4	4	0
4	5	3
4	6	4
4	8	5
4	9	6
4	10	6
4	11	7
4	12	8
4	13	9
4	14	10
4	15	11
4	16	12
4	17	4
4	18	3
4	19	2
4	20	1
4	22	2
4	23	3
4	24	4
4	25	5
4	26	6
4	27	7
4	28	8
4	29	9
4	30	10
4	82	11
4	83	5
4	84	4
4	85	3
4	86	2
4	87	3
4	88	4
4	89	7
4	90	8
4	92	9
4	93	10
4	94	11
4	95	12
4	96	5
4	97	6
4	98	7
4	99	8
4	100	9
4	101	5
4	102	6
4	103	7
4	104	8
4	105	9
4	107	4
4	108	5
4	109	6
4	110	7
4	111	8
4	112	4
5	1	6
5	2	5
5	3	4
5	4	3
5	5	0
5	6	3
5	8	4
5	9	5
5	10	5
5	11	6
5	12	7
5	13	8
5	14	9
5	15	10
5	16	11
5	17	5
5	18	4
5	19	3
5	20	2
5	22	1
5	23	2
5	24	3
5	25	4
5	26	5
5	27	6
5	28	7
5	29	8
5	30	9
5	82	10
5	83	6
5	84	5
5	85	4
5	86	3
5	87	2
5	88	3
5	89	6
5	90	7
5	92	8
5	93	9
5	94	10
5	95	11
5	96	4
5	97	5
5	98	6
5	99	7
5	100	8
5	101	4
5	102	5
5	103	6
5	104	7
5	105	8
5	107	3
5	108	4
5	109	5
5	110	6
5	111	7
5	112	3
6	1	7
6	2	6
6	3	5
6	4	4
6	5	3
6	6	0
6	8	3
6	9	4
6	10	4
6	11	5
6	12	6
6	13	7
6	14	8
6	15	9
6	16	10
6	17	6
6	18	5
6	19	4
6	20	3
6	22	2
6	23	1
6	24	2
6	25	3
6	26	4
6	27	5
6	28	6
6	29	7
6	30	8
6	82	9
6	83	7
6	84	6
6	85	5
6	86	4
6	87	2
6	88	2
6	89	5
6	90	6
6	92	7
6	93	8
6	94	9
6	95	10
6	96	4
6	97	5
6	98	6
6	99	7
6	100	8
6	101	4
6	102	5
6	103	6
6	104	7
6	105	8
6	107	3
6	108	4
6	109	5
6	110	6
6	111	7
6	112	3
8	1	8
8	2	7
8	3	6
8	4	5
8	5	4
8	6	3
8	8	0
8	9	3
8	10	3
8	11	4
8	12	5
8	13	6
8	14	7
8	15	8
8	16	9
8	17	7
8	18	6
8	19	5
8	20	4
8	22	3
8	23	2
8	24	1
8	25	2
8	26	3
8	27	4
8	28	5
8	29	6
8	30	7
8	82	8
8	83	8
8	84	7
8	85	6
8	86	5
8	87	3
8	88	2
8	89	4
8	90	5
8	92	6
8	93	7
8	94	8
8	95	9
8	96	4
8	97	5
8	98	6
8	99	7
8	100	8
8	101	4
8	102	5
8	103	6
8	104	7
8	105	8
8	107	3
8	108	4
8	109	5
8	110	6
8	111	7
8	112	4
9	1	9
9	2	8
9	3	7
9	4	6
9	5	5
9	6	4
9	8	3
9	9	0
9	10	2
9	11	3
9	12	4
9	13	5
9	14	6
9	15	7
9	16	8
9	17	8
9	18	7
9	19	6
9	20	5
9	22	4
9	23	3
9	24	2
9	25	1
9	26	2
9	27	3
9	28	4
9	29	5
9	30	6
9	82	7
9	83	9
9	84	8
9	85	7
9	86	6
9	87	3
9	88	2
9	89	3
9	90	4
9	92	5
9	93	6
9	94	7
9	95	8
9	96	4
9	97	5
9	98	6
9	99	7
9	100	8
9	101	4
9	102	5
9	103	6
9	104	7
9	105	8
9	107	3
9	108	4
9	109	5
9	110	6
9	111	7
9	112	4
10	1	9
10	2	8
10	3	7
10	4	6
10	5	5
10	6	4
10	8	3
10	9	2
10	10	0
10	11	2
10	12	3
10	13	4
10	14	5
10	15	6
10	16	7
10	17	8
10	18	7
10	19	6
10	20	5
10	22	4
10	23	3
10	24	2
10	25	1
10	26	1
10	27	2
10	28	3
10	29	4
10	30	5
10	82	6
10	83	9
10	84	8
10	85	7
10	86	6
10	87	3
10	88	2
10	89	2
10	90	3
10	92	4
10	93	5
10	94	6
10	95	7
10	96	4
10	97	5
10	98	6
10	99	7
10	100	8
10	101	4
10	102	5
10	103	6
10	104	7
10	105	8
10	107	3
10	108	4
10	109	5
10	110	6
10	111	7
10	112	4
11	1	10
11	2	9
11	3	8
11	4	7
11	5	6
11	6	5
11	8	4
11	9	3
11	10	2
11	11	0
11	12	2
11	13	3
11	14	4
11	15	5
11	16	6
11	17	9
11	18	8
11	19	7
11	20	6
11	22	5
11	23	4
11	24	3
11	25	2
11	26	1
11	27	1
11	28	2
11	29	3
11	30	4
11	82	5
11	83	10
11	84	9
11	85	8
11	86	7
11	87	4
11	88	3
11	89	2
11	90	2
11	92	3
11	93	4
11	94	5
11	95	6
11	96	5
11	97	6
11	98	7
11	99	8
11	100	9
11	101	5
11	102	6
11	103	7
11	104	8
11	105	9
11	107	4
11	108	5
11	109	6
11	110	7
11	111	8
11	112	5
12	1	11
12	2	10
12	3	9
12	4	8
12	5	7
12	6	6
12	8	5
12	9	4
12	10	3
12	11	2
12	12	0
12	13	3
12	14	4
12	15	5
12	16	6
12	17	10
12	18	9
12	19	8
12	20	7
12	22	6
12	23	5
12	24	4
12	25	3
12	26	2
12	27	1
12	28	2
12	29	3
12	30	4
12	82	5
12	83	11
12	84	10
12	85	9
12	86	8
12	87	5
12	88	4
12	89	3
12	90	2
12	92	3
12	93	4
12	94	5
12	95	6
12	96	6
12	97	7
12	98	8
12	99	9
12	100	10
12	101	6
12	102	7
12	103	8
12	104	9
12	105	10
12	107	5
12	108	6
12	109	7
12	110	8
12	111	9
12	112	6
13	1	12
13	2	11
13	3	10
13	4	9
13	5	8
13	6	7
13	8	6
13	9	5
13	10	4
13	11	3
13	12	3
13	13	0
13	14	3
13	15	4
13	16	5
13	17	11
13	18	10
13	19	9
13	20	8
13	22	7
13	23	6
13	24	5
13	25	4
13	26	3
13	27	2
13	28	1
13	29	2
13	30	3
13	82	4
13	83	12
13	84	11
13	85	10
13	86	9
13	87	6
13	88	5
13	89	4
13	90	3
13	92	2
13	93	3
13	94	4
13	95	5
13	96	7
13	97	8
13	98	9
13	99	10
13	100	11
13	101	7
13	102	8
13	103	9
13	104	10
13	105	11
13	107	6
13	108	7
13	109	8
13	110	9
13	111	10
13	112	7
14	1	13
14	2	12
14	3	11
14	4	10
14	5	9
14	6	8
14	8	7
14	9	6
14	10	5
14	11	4
14	12	4
14	13	3
14	14	0
14	15	3
14	16	4
14	17	12
14	18	11
14	19	10
14	20	9
14	22	8
14	23	7
14	24	6
14	25	5
14	26	4
14	27	3
14	28	2
14	29	1
14	30	2
14	82	3
14	83	13
14	84	12
14	85	11
14	86	10
14	87	7
14	88	6
14	89	5
14	90	4
14	92	3
14	93	2
14	94	3
14	95	4
14	96	8
14	97	9
14	98	10
14	99	11
14	100	12
14	101	8
14	102	9
14	103	10
14	104	11
14	105	12
14	107	7
14	108	8
14	109	9
14	110	10
14	111	11
14	112	8
15	1	14
15	2	13
15	3	12
15	4	11
15	5	10
15	6	9
15	8	8
15	9	7
15	10	6
15	11	5
15	12	5
15	13	4
15	14	3
15	15	0
15	16	3
15	17	13
15	18	12
15	19	11
15	20	10
15	22	9
15	23	8
15	24	7
15	25	6
15	26	5
15	27	4
15	28	3
15	29	2
15	30	1
15	82	2
15	83	14
15	84	13
15	85	12
15	86	11
15	87	8
15	88	7
15	89	6
15	90	5
15	92	4
15	93	3
15	94	2
15	95	3
15	96	9
15	97	10
15	98	11
15	99	12
15	100	13
15	101	9
15	102	10
15	103	11
15	104	12
15	105	13
15	107	8
15	108	9
15	109	10
15	110	11
15	111	12
15	112	9
16	1	15
16	2	14
16	3	13
16	4	12
16	5	11
16	6	10
16	8	9
16	9	8
16	10	7
16	11	6
16	12	6
16	13	5
16	14	4
16	15	3
16	16	0
16	17	14
16	18	13
16	19	12
16	20	11
16	22	10
16	23	9
16	24	8
16	25	7
16	26	6
16	27	5
16	28	4
16	29	3
16	30	2
16	82	1
16	83	15
16	84	14
16	85	13
16	86	12
16	87	9
16	88	8
16	89	7
16	90	6
16	92	5
16	93	4
16	94	3
16	95	2
16	96	10
16	97	11
16	98	12
16	99	13
16	100	14
16	101	10
16	102	11
16	103	12
16	104	13
16	105	14
16	107	9
16	108	10
16	109	11
16	110	12
16	111	13
16	112	10
17	1	1
17	2	2
17	3	3
17	4	4
17	5	5
17	6	6
17	8	7
17	9	8
17	10	8
17	11	9
17	12	10
17	13	11
17	14	12
17	15	13
17	16	14
17	17	0
17	18	1
17	19	2
17	20	3
17	22	4
17	23	5
17	24	6
17	25	7
17	26	8
17	27	9
17	28	10
17	29	11
17	30	12
17	82	13
17	83	1
17	84	2
17	85	3
17	86	4
17	87	5
17	88	6
17	89	9
17	90	10
17	92	11
17	93	12
17	94	13
17	95	14
17	96	7
17	97	8
17	98	9
17	99	10
17	100	11
17	101	7
17	102	8
17	103	9
17	104	10
17	105	11
17	107	6
17	108	7
17	109	8
17	110	9
17	111	10
17	112	6
18	1	2
18	2	1
18	3	2
18	4	3
18	5	4
18	6	5
18	8	6
18	9	7
18	10	7
18	11	8
18	12	9
18	13	10
18	14	11
18	15	12
18	16	13
18	17	1
18	18	0
18	19	1
18	20	2
18	22	3
18	23	4
18	24	5
18	25	6
18	26	7
18	27	8
18	28	9
18	29	10
18	30	11
18	82	12
18	83	2
18	84	1
18	85	2
18	86	3
18	87	4
18	88	5
18	89	8
18	90	9
18	92	10
18	93	11
18	94	12
18	95	13
18	96	6
18	97	7
18	98	8
18	99	9
18	100	10
18	101	6
18	102	7
18	103	8
18	104	9
18	105	10
18	107	5
18	108	6
18	109	7
18	110	8
18	111	9
18	112	5
19	1	3
19	2	2
19	3	1
19	4	2
19	5	3
19	6	4
19	8	5
19	9	6
19	10	6
19	11	7
19	12	8
19	13	9
19	14	10
19	15	11
19	16	12
19	17	2
19	18	1
19	19	0
19	20	1
19	22	2
19	23	3
19	24	4
19	25	5
19	26	6
19	27	7
19	28	8
19	29	9
19	30	10
19	82	11
19	83	3
19	84	2
19	85	1
19	86	2
19	87	3
19	88	4
19	89	7
19	90	8
19	92	9
19	93	10
19	94	11
19	95	12
19	96	5
19	97	6
19	98	7
19	99	8
19	100	9
19	101	5
19	102	6
19	103	7
19	104	8
19	105	9
19	107	4
19	108	5
19	109	6
19	110	7
19	111	8
19	112	4
20	1	4
20	2	3
20	3	2
20	4	1
20	5	2
20	6	3
20	8	4
20	9	5
20	10	5
20	11	6
20	12	7
20	13	8
20	14	9
20	15	10
20	16	11
20	17	3
20	18	2
20	19	1
20	20	0
20	22	1
20	23	2
20	24	3
20	25	4
20	26	5
20	27	6
20	28	7
20	29	8
20	30	9
20	82	10
20	83	4
20	84	3
20	85	2
20	86	1
20	87	2
20	88	3
20	89	6
20	90	7
20	92	8
20	93	9
20	94	10
20	95	11
20	96	4
20	97	5
20	98	6
20	99	7
20	100	8
20	101	4
20	102	5
20	103	6
20	104	7
20	105	8
20	107	3
20	108	4
20	109	5
20	110	6
20	111	7
20	112	3
22	1	5
22	2	4
22	3	3
22	4	2
22	5	1
22	6	2
22	8	3
22	9	4
22	10	4
22	11	5
22	12	6
22	13	7
22	14	8
22	15	9
22	16	10
22	17	4
22	18	3
22	19	2
22	20	1
22	22	0
22	23	1
22	24	2
22	25	3
22	26	4
22	27	5
22	28	6
22	29	7
22	30	8
22	82	9
22	83	5
22	84	4
22	85	3
22	86	2
22	87	1
22	88	2
22	89	5
22	90	6
22	92	7
22	93	8
22	94	9
22	95	10
22	96	3
22	97	4
22	98	5
22	99	6
22	100	7
22	101	3
22	102	4
22	103	5
22	104	6
22	105	7
22	107	2
22	108	3
22	109	4
22	110	5
22	111	6
22	112	2
23	1	6
23	2	5
23	3	4
23	4	3
23	5	2
23	6	1
23	8	2
23	9	3
23	10	3
23	11	4
23	12	5
23	13	6
23	14	7
23	15	8
23	16	9
23	17	5
23	18	4
23	19	3
23	20	2
23	22	1
23	23	0
23	24	1
23	25	2
23	26	3
23	27	4
23	28	5
23	29	6
23	30	7
23	82	8
23	83	6
23	84	5
23	85	4
23	86	3
23	87	1
23	88	1
23	89	4
23	90	5
23	92	6
23	93	7
23	94	8
23	95	9
23	96	3
23	97	4
23	98	5
23	99	6
23	100	7
23	101	3
23	102	4
23	103	5
23	104	6
23	105	7
23	107	2
23	108	3
23	109	4
23	110	5
23	111	6
23	112	2
24	1	7
24	2	6
24	3	5
24	4	4
24	5	3
24	6	2
24	8	1
24	9	2
24	10	2
24	11	3
24	12	4
24	13	5
24	14	6
24	15	7
24	16	8
24	17	6
24	18	5
24	19	4
24	20	3
24	22	2
24	23	1
24	24	0
24	25	1
24	26	2
24	27	3
24	28	4
24	29	5
24	30	6
24	82	7
24	83	7
24	84	6
24	85	5
24	86	4
24	87	2
24	88	1
24	89	3
24	90	4
24	92	5
24	93	6
24	94	7
24	95	8
24	96	3
24	97	4
24	98	5
24	99	6
24	100	7
24	101	3
24	102	4
24	103	5
24	104	6
24	105	7
24	107	2
24	108	3
24	109	4
24	110	5
24	111	6
24	112	3
25	1	8
25	2	7
25	3	6
25	4	5
25	5	4
25	6	3
25	8	2
25	9	1
25	10	1
25	11	2
25	12	3
25	13	4
25	14	5
25	15	6
25	16	7
25	17	7
25	18	6
25	19	5
25	20	4
25	22	3
25	23	2
25	24	1
25	25	0
25	26	1
25	27	2
25	28	3
25	29	4
25	30	5
25	82	6
25	83	8
25	84	7
25	85	6
25	86	5
25	87	2
25	88	1
25	89	2
25	90	3
25	92	4
25	93	5
25	94	6
25	95	7
25	96	3
25	97	4
25	98	5
25	99	6
25	100	7
25	101	3
25	102	4
25	103	5
25	104	6
25	105	7
25	107	2
25	108	3
25	109	4
25	110	5
25	111	6
25	112	3
26	1	9
26	2	8
26	3	7
26	4	6
26	5	5
26	6	4
26	8	3
26	9	2
26	10	1
26	11	1
26	12	2
26	13	3
26	14	4
26	15	5
26	16	6
26	17	8
26	18	7
26	19	6
26	20	5
26	22	4
26	23	3
26	24	2
26	25	1
26	26	0
26	27	1
26	28	2
26	29	3
26	30	4
26	82	5
26	83	9
26	84	8
26	85	7
26	86	6
26	87	3
26	88	2
26	89	1
26	90	2
26	92	3
26	93	4
26	94	5
26	95	6
26	96	4
26	97	5
26	98	6
26	99	7
26	100	8
26	101	4
26	102	5
26	103	6
26	104	7
26	105	8
26	107	3
26	108	4
26	109	5
26	110	6
26	111	7
26	112	4
27	1	10
27	2	9
27	3	8
27	4	7
27	5	6
27	6	5
27	8	4
27	9	3
27	10	2
27	11	1
27	12	1
27	13	2
27	14	3
27	15	4
27	16	5
27	17	9
27	18	8
27	19	7
27	20	6
27	22	5
27	23	4
27	24	3
27	25	2
27	26	1
27	27	0
27	28	1
27	29	2
27	30	3
27	82	4
27	83	10
27	84	9
27	85	8
27	86	7
27	87	4
27	88	3
27	89	2
27	90	1
27	92	2
27	93	3
27	94	4
27	95	5
27	96	5
27	97	6
27	98	7
27	99	8
27	100	9
27	101	5
27	102	6
27	103	7
27	104	8
27	105	9
27	107	4
27	108	5
27	109	6
27	110	7
27	111	8
27	112	5
28	1	11
28	2	10
28	3	9
28	4	8
28	5	7
28	6	6
28	8	5
28	9	4
28	10	3
28	11	2
28	12	2
28	13	1
28	14	2
28	15	3
28	16	4
28	17	10
28	18	9
28	19	8
28	20	7
28	22	6
28	23	5
28	24	4
28	25	3
28	26	2
28	27	1
28	28	0
28	29	1
28	30	2
28	82	3
28	83	11
28	84	10
28	85	9
28	86	8
28	87	5
28	88	4
28	89	3
28	90	2
28	92	1
28	93	2
28	94	3
28	95	4
28	96	6
28	97	7
28	98	8
28	99	9
28	100	10
28	101	6
28	102	7
28	103	8
28	104	9
28	105	10
28	107	5
28	108	6
28	109	7
28	110	8
28	111	9
28	112	6
29	1	12
29	2	11
29	3	10
29	4	9
29	5	8
29	6	7
29	8	6
29	9	5
29	10	4
29	11	3
29	12	3
29	13	2
29	14	1
29	15	2
29	16	3
29	17	11
29	18	10
29	19	9
29	20	8
29	22	7
29	23	6
29	24	5
29	25	4
29	26	3
29	27	2
29	28	1
29	29	0
29	30	1
29	82	2
29	83	12
29	84	11
29	85	10
29	86	9
29	87	6
29	88	5
29	89	4
29	90	3
29	92	2
29	93	1
29	94	2
29	95	3
29	96	7
29	97	8
29	98	9
29	99	10
29	100	11
29	101	7
29	102	8
29	103	9
29	104	10
29	105	11
29	107	6
29	108	7
29	109	8
29	110	9
29	111	10
29	112	7
30	1	13
30	2	12
30	3	11
30	4	10
30	5	9
30	6	8
30	8	7
30	9	6
30	10	5
30	11	4
30	12	4
30	13	3
30	14	2
30	15	1
30	16	2
30	17	12
30	18	11
30	19	10
30	20	9
30	22	8
30	23	7
30	24	6
30	25	5
30	26	4
30	27	3
30	28	2
30	29	1
30	30	0
30	82	1
30	83	13
30	84	12
30	85	11
30	86	10
30	87	7
30	88	6
30	89	5
30	90	4
30	92	3
30	93	2
30	94	1
30	95	2
30	96	8
30	97	9
30	98	10
30	99	11
30	100	12
30	101	8
30	102	9
30	103	10
30	104	11
30	105	12
30	107	7
30	108	8
30	109	9
30	110	10
30	111	11
30	112	8
82	1	14
82	2	13
82	3	12
82	4	11
82	5	10
82	6	9
82	8	8
82	9	7
82	10	6
82	11	5
82	12	5
82	13	4
82	14	3
82	15	2
82	16	1
82	17	13
82	18	12
82	19	11
82	20	10
82	22	9
82	23	8
82	24	7
82	25	6
82	26	5
82	27	4
82	28	3
82	29	2
82	30	1
82	82	0
82	83	14
82	84	13
82	85	12
82	86	11
82	87	8
82	88	7
82	89	6
82	90	5
82	92	4
82	93	3
82	94	2
82	95	1
82	96	9
82	97	10
82	98	11
82	99	12
82	100	13
82	101	9
82	102	10
82	103	11
82	104	12
82	105	13
82	107	8
82	108	9
82	109	10
82	110	11
82	111	12
82	112	9
83	1	2
83	2	3
83	3	4
83	4	5
83	5	6
83	6	7
83	8	8
83	9	9
83	10	9
83	11	10
83	12	11
83	13	12
83	14	13
83	15	14
83	16	15
83	17	1
83	18	2
83	19	3
83	20	4
83	22	5
83	23	6
83	24	7
83	25	8
83	26	9
83	27	10
83	28	11
83	29	12
83	30	13
83	82	14
83	83	0
83	84	3
83	85	4
83	86	5
83	87	6
83	88	7
83	89	10
83	90	11
83	92	12
83	93	13
83	94	14
83	95	15
83	96	8
83	97	9
83	98	10
83	99	11
83	100	12
83	101	8
83	102	9
83	103	10
83	104	11
83	105	12
83	107	7
83	108	8
83	109	9
83	110	10
83	111	11
83	112	7
84	1	3
84	2	2
84	3	3
84	4	4
84	5	5
84	6	6
84	8	7
84	9	8
84	10	8
84	11	9
84	12	10
84	13	11
84	14	12
84	15	13
84	16	14
84	17	2
84	18	1
84	19	2
84	20	3
84	22	4
84	23	5
84	24	6
84	25	7
84	26	8
84	27	9
84	28	10
84	29	11
84	30	12
84	82	13
84	83	3
84	84	0
84	85	3
84	86	4
84	87	5
84	88	6
84	89	9
84	90	10
84	92	11
84	93	12
84	94	13
84	95	14
84	96	7
84	97	8
84	98	9
84	99	10
84	100	11
84	101	7
84	102	8
84	103	9
84	104	10
84	105	11
84	107	6
84	108	7
84	109	8
84	110	9
84	111	10
84	112	6
85	1	4
85	2	3
85	3	2
85	4	3
85	5	4
85	6	5
85	8	6
85	9	7
85	10	7
85	11	8
85	12	9
85	13	10
85	14	11
85	15	12
85	16	13
85	17	3
85	18	2
85	19	1
85	20	2
85	22	3
85	23	4
85	24	5
85	25	6
85	26	7
85	27	8
85	28	9
85	29	10
85	30	11
85	82	12
85	83	4
85	84	3
85	85	0
85	86	3
85	87	4
85	88	5
85	89	8
85	90	9
85	92	10
85	93	11
85	94	12
85	95	13
85	96	6
85	97	7
85	98	8
85	99	9
85	100	10
85	101	6
85	102	7
85	103	8
85	104	9
85	105	10
85	107	5
85	108	6
85	109	7
85	110	8
85	111	9
85	112	5
86	1	5
86	2	4
86	3	3
86	4	2
86	5	3
86	6	4
86	8	5
86	9	6
86	10	6
86	11	7
86	12	8
86	13	9
86	14	10
86	15	11
86	16	12
86	17	4
86	18	3
86	19	2
86	20	1
86	22	2
86	23	3
86	24	4
86	25	5
86	26	6
86	27	7
86	28	8
86	29	9
86	30	10
86	82	11
86	83	5
86	84	4
86	85	3
86	86	0
86	87	3
86	88	4
86	89	7
86	90	8
86	92	9
86	93	10
86	94	11
86	95	12
86	96	5
86	97	6
86	98	7
86	99	8
86	100	9
86	101	5
86	102	6
86	103	7
86	104	8
86	105	9
86	107	4
86	108	5
86	109	6
86	110	7
86	111	8
86	112	4
87	1	6
87	2	5
87	3	4
87	4	3
87	5	2
87	6	2
87	8	3
87	9	3
87	10	3
87	11	4
87	12	5
87	13	6
87	14	7
87	15	8
87	16	9
87	17	5
87	18	4
87	19	3
87	20	2
87	22	1
87	23	1
87	24	2
87	25	2
87	26	3
87	27	4
87	28	5
87	29	6
87	30	7
87	82	8
87	83	6
87	84	5
87	85	4
87	86	3
87	87	0
87	88	1
87	89	4
87	90	5
87	92	6
87	93	7
87	94	8
87	95	9
87	96	2
87	97	3
87	98	4
87	99	5
87	100	6
87	101	2
87	102	3
87	103	4
87	104	5
87	105	6
87	107	1
87	108	2
87	109	3
87	110	4
87	111	5
87	112	1
88	1	7
88	2	6
88	3	5
88	4	4
88	5	3
88	6	2
88	8	2
88	9	2
88	10	2
88	11	3
88	12	4
88	13	5
88	14	6
88	15	7
88	16	8
88	17	6
88	18	5
88	19	4
88	20	3
88	22	2
88	23	1
88	24	1
88	25	1
88	26	2
88	27	3
88	28	4
88	29	5
88	30	6
88	82	7
88	83	7
88	84	6
88	85	5
88	86	4
88	87	1
88	88	0
88	89	3
88	90	4
88	92	5
88	93	6
88	94	7
88	95	8
88	96	2
88	97	3
88	98	4
88	99	5
88	100	6
88	101	2
88	102	3
88	103	4
88	104	5
88	105	6
88	107	1
88	108	2
88	109	3
88	110	4
88	111	5
88	112	2
89	1	10
89	2	9
89	3	8
89	4	7
89	5	6
89	6	5
89	8	4
89	9	3
89	10	2
89	11	2
89	12	3
89	13	4
89	14	5
89	15	6
89	16	7
89	17	9
89	18	8
89	19	7
89	20	6
89	22	5
89	23	4
89	24	3
89	25	2
89	26	1
89	27	2
89	28	3
89	29	4
89	30	5
89	82	6
89	83	10
89	84	9
89	85	8
89	86	7
89	87	4
89	88	3
89	89	0
89	90	3
89	92	4
89	93	5
89	94	6
89	95	7
89	96	5
89	97	6
89	98	7
89	99	8
89	100	9
89	101	5
89	102	6
89	103	7
89	104	8
89	105	9
89	107	4
89	108	5
89	109	6
89	110	7
89	111	8
89	112	5
90	1	11
90	2	10
90	3	9
90	4	8
90	5	7
90	6	6
90	8	5
90	9	4
90	10	3
90	11	2
90	12	2
90	13	3
90	14	4
90	15	5
90	16	6
90	17	10
90	18	9
90	19	8
90	20	7
90	22	6
90	23	5
90	24	4
90	25	3
90	26	2
90	27	1
90	28	2
90	29	3
90	30	4
90	82	5
90	83	11
90	84	10
90	85	9
90	86	8
90	87	5
90	88	4
90	89	3
90	90	0
90	92	3
90	93	4
90	94	5
90	95	6
90	96	6
90	97	7
90	98	8
90	99	9
90	100	10
90	101	6
90	102	7
90	103	8
90	104	9
90	105	10
90	107	5
90	108	6
90	109	7
90	110	8
90	111	9
90	112	6
92	1	12
92	2	11
92	3	10
92	4	9
92	5	8
92	6	7
92	8	6
92	9	5
92	10	4
92	11	3
92	12	3
92	13	2
92	14	3
92	15	4
92	16	5
92	17	11
92	18	10
92	19	9
92	20	8
92	22	7
92	23	6
92	24	5
92	25	4
92	26	3
92	27	2
92	28	1
92	29	2
92	30	3
92	82	4
92	83	12
92	84	11
92	85	10
92	86	9
92	87	6
92	88	5
92	89	4
92	90	3
92	92	0
92	93	3
92	94	4
92	95	5
92	96	7
92	97	8
92	98	9
92	99	10
92	100	11
92	101	7
92	102	8
92	103	9
92	104	10
92	105	11
92	107	6
92	108	7
92	109	8
92	110	9
92	111	10
92	112	7
93	1	13
93	2	12
93	3	11
93	4	10
93	5	9
93	6	8
93	8	7
93	9	6
93	10	5
93	11	4
93	12	4
93	13	3
93	14	2
93	15	3
93	16	4
93	17	12
93	18	11
93	19	10
93	20	9
93	22	8
93	23	7
93	24	6
93	25	5
93	26	4
93	27	3
93	28	2
93	29	1
93	30	2
93	82	3
93	83	13
93	84	12
93	85	11
93	86	10
93	87	7
93	88	6
93	89	5
93	90	4
93	92	3
93	93	0
93	94	3
93	95	4
93	96	8
93	97	9
93	98	10
93	99	11
93	100	12
93	101	8
93	102	9
93	103	10
93	104	11
93	105	12
93	107	7
93	108	8
93	109	9
93	110	10
93	111	11
93	112	8
94	1	14
94	2	13
94	3	12
94	4	11
94	5	10
94	6	9
94	8	8
94	9	7
94	10	6
94	11	5
94	12	5
94	13	4
94	14	3
94	15	2
94	16	3
94	17	13
94	18	12
94	19	11
94	20	10
94	22	9
94	23	8
94	24	7
94	25	6
94	26	5
94	27	4
94	28	3
94	29	2
94	30	1
94	82	2
94	83	14
94	84	13
94	85	12
94	86	11
94	87	8
94	88	7
94	89	6
94	90	5
94	92	4
94	93	3
94	94	0
94	95	3
94	96	9
94	97	10
94	98	11
94	99	12
94	100	13
94	101	9
94	102	10
94	103	11
94	104	12
94	105	13
94	107	8
94	108	9
94	109	10
94	110	11
94	111	12
94	112	9
95	1	15
95	2	14
95	3	13
95	4	12
95	5	11
95	6	10
95	8	9
95	9	8
95	10	7
95	11	6
95	12	6
95	13	5
95	14	4
95	15	3
95	16	2
95	17	14
95	18	13
95	19	12
95	20	11
95	22	10
95	23	9
95	24	8
95	25	7
95	26	6
95	27	5
95	28	4
95	29	3
95	30	2
95	82	1
95	83	15
95	84	14
95	85	13
95	86	12
95	87	9
95	88	8
95	89	7
95	90	6
95	92	5
95	93	4
95	94	3
95	95	0
95	96	10
95	97	11
95	98	12
95	99	13
95	100	14
95	101	10
95	102	11
95	103	12
95	104	13
95	105	14
95	107	9
95	108	10
95	109	11
95	110	12
95	111	13
95	112	10
96	1	8
96	2	7
96	3	6
96	4	5
96	5	4
96	6	4
96	8	4
96	9	4
96	10	4
96	11	5
96	12	6
96	13	7
96	14	8
96	15	9
96	16	10
96	17	7
96	18	6
96	19	5
96	20	4
96	22	3
96	23	3
96	24	3
96	25	3
96	26	4
96	27	5
96	28	6
96	29	7
96	30	8
96	82	9
96	83	8
96	84	7
96	85	6
96	86	5
96	87	2
96	88	2
96	89	5
96	90	6
96	92	7
96	93	8
96	94	9
96	95	10
96	96	0
96	97	3
96	98	4
96	99	5
96	100	6
96	101	2
96	102	3
96	103	4
96	104	5
96	105	6
96	107	1
96	108	2
96	109	3
96	110	4
96	111	5
96	112	3
97	1	9
97	2	8
97	3	7
97	4	6
97	5	5
97	6	5
97	8	5
97	9	5
97	10	5
97	11	6
97	12	7
97	13	8
97	14	9
97	15	10
97	16	11
97	17	8
97	18	7
97	19	6
97	20	5
97	22	4
97	23	4
97	24	4
97	25	4
97	26	5
97	27	6
97	28	7
97	29	8
97	30	9
97	82	10
97	83	9
97	84	8
97	85	7
97	86	6
97	87	3
97	88	3
97	89	6
97	90	7
97	92	8
97	93	9
97	94	10
97	95	11
97	96	3
97	97	0
97	98	3
97	99	4
97	100	5
97	101	3
97	102	2
97	103	3
97	104	4
97	105	5
97	107	2
97	108	1
97	109	2
97	110	3
97	111	4
97	112	4
98	1	10
98	2	9
98	3	8
98	4	7
98	5	6
98	6	6
98	8	6
98	9	6
98	10	6
98	11	7
98	12	8
98	13	9
98	14	10
98	15	11
98	16	12
98	17	9
98	18	8
98	19	7
98	20	6
98	22	5
98	23	5
98	24	5
98	25	5
98	26	6
98	27	7
98	28	8
98	29	9
98	30	10
98	82	11
98	83	10
98	84	9
98	85	8
98	86	7
98	87	4
98	88	4
98	89	7
98	90	8
98	92	9
98	93	10
98	94	11
98	95	12
98	96	4
98	97	3
98	98	0
98	99	3
98	100	4
98	101	4
98	102	3
98	103	2
98	104	3
98	105	4
98	107	3
98	108	2
98	109	1
98	110	2
98	111	3
98	112	5
99	1	11
99	2	10
99	3	9
99	4	8
99	5	7
99	6	7
99	8	7
99	9	7
99	10	7
99	11	8
99	12	9
99	13	10
99	14	11
99	15	12
99	16	13
99	17	10
99	18	9
99	19	8
99	20	7
99	22	6
99	23	6
99	24	6
99	25	6
99	26	7
99	27	8
99	28	9
99	29	10
99	30	11
99	82	12
99	83	11
99	84	10
99	85	9
99	86	8
99	87	5
99	88	5
99	89	8
99	90	9
99	92	10
99	93	11
99	94	12
99	95	13
99	96	5
99	97	4
99	98	3
99	99	0
99	100	3
99	101	5
99	102	4
99	103	3
99	104	2
99	105	3
99	107	4
99	108	3
99	109	2
99	110	1
99	111	2
99	112	6
100	1	12
100	2	11
100	3	10
100	4	9
100	5	8
100	6	8
100	8	8
100	9	8
100	10	8
100	11	9
100	12	10
100	13	11
100	14	12
100	15	13
100	16	14
100	17	11
100	18	10
100	19	9
100	20	8
100	22	7
100	23	7
100	24	7
100	25	7
100	26	8
100	27	9
100	28	10
100	29	11
100	30	12
100	82	13
100	83	12
100	84	11
100	85	10
100	86	9
100	87	6
100	88	6
100	89	9
100	90	10
100	92	11
100	93	12
100	94	13
100	95	14
100	96	6
100	97	5
100	98	4
100	99	3
100	100	0
100	101	6
100	102	5
100	103	4
100	104	3
100	105	2
100	107	5
100	108	4
100	109	3
100	110	2
100	111	1
100	112	7
101	1	8
101	2	7
101	3	6
101	4	5
101	5	4
101	6	4
101	8	4
101	9	4
101	10	4
101	11	5
101	12	6
101	13	7
101	14	8
101	15	9
101	16	10
101	17	7
101	18	6
101	19	5
101	20	4
101	22	3
101	23	3
101	24	3
101	25	3
101	26	4
101	27	5
101	28	6
101	29	7
101	30	8
101	82	9
101	83	8
101	84	7
101	85	6
101	86	5
101	87	2
101	88	2
101	89	5
101	90	6
101	92	7
101	93	8
101	94	9
101	95	10
101	96	2
101	97	3
101	98	4
101	99	5
101	100	6
101	101	0
101	102	3
101	103	4
101	104	5
101	105	6
101	107	1
101	108	2
101	109	3
101	110	4
101	111	5
101	112	3
102	1	9
102	2	8
102	3	7
102	4	6
102	5	5
102	6	5
102	8	5
102	9	5
102	10	5
102	11	6
102	12	7
102	13	8
102	14	9
102	15	10
102	16	11
102	17	8
102	18	7
102	19	6
102	20	5
102	22	4
102	23	4
102	24	4
102	25	4
102	26	5
102	27	6
102	28	7
102	29	8
102	30	9
102	82	10
102	83	9
102	84	8
102	85	7
102	86	6
102	87	3
102	88	3
102	89	6
102	90	7
102	92	8
102	93	9
102	94	10
102	95	11
102	96	3
102	97	2
102	98	3
102	99	4
102	100	5
102	101	3
102	102	0
102	103	3
102	104	4
102	105	5
102	107	2
102	108	1
102	109	2
102	110	3
102	111	4
102	112	4
103	1	10
103	2	9
103	3	8
103	4	7
103	5	6
103	6	6
103	8	6
103	9	6
103	10	6
103	11	7
103	12	8
103	13	9
103	14	10
103	15	11
103	16	12
103	17	9
103	18	8
103	19	7
103	20	6
103	22	5
103	23	5
103	24	5
103	25	5
103	26	6
103	27	7
103	28	8
103	29	9
103	30	10
103	82	11
103	83	10
103	84	9
103	85	8
103	86	7
103	87	4
103	88	4
103	89	7
103	90	8
103	92	9
103	93	10
103	94	11
103	95	12
103	96	4
103	97	3
103	98	2
103	99	3
103	100	4
103	101	4
103	102	3
103	103	0
103	104	3
103	105	4
103	107	3
103	108	2
103	109	1
103	110	2
103	111	3
103	112	5
104	1	11
104	2	10
104	3	9
104	4	8
104	5	7
104	6	7
104	8	7
104	9	7
104	10	7
104	11	8
104	12	9
104	13	10
104	14	11
104	15	12
104	16	13
104	17	10
104	18	9
104	19	8
104	20	7
104	22	6
104	23	6
104	24	6
104	25	6
104	26	7
104	27	8
104	28	9
104	29	10
104	30	11
104	82	12
104	83	11
104	84	10
104	85	9
104	86	8
104	87	5
104	88	5
104	89	8
104	90	9
104	92	10
104	93	11
104	94	12
104	95	13
104	96	5
104	97	4
104	98	3
104	99	2
104	100	3
104	101	5
104	102	4
104	103	3
104	104	0
104	105	3
104	107	4
104	108	3
104	109	2
104	110	1
104	111	2
104	112	6
105	1	12
105	2	11
105	3	10
105	4	9
105	5	8
105	6	8
105	8	8
105	9	8
105	10	8
105	11	9
105	12	10
105	13	11
105	14	12
105	15	13
105	16	14
105	17	11
105	18	10
105	19	9
105	20	8
105	22	7
105	23	7
105	24	7
105	25	7
105	26	8
105	27	9
105	28	10
105	29	11
105	30	12
105	82	13
105	83	12
105	84	11
105	85	10
105	86	9
105	87	6
105	88	6
105	89	9
105	90	10
105	92	11
105	93	12
105	94	13
105	95	14
105	96	6
105	97	5
105	98	4
105	99	3
105	100	2
105	101	6
105	102	5
105	103	4
105	104	3
105	105	0
105	107	5
105	108	4
105	109	3
105	110	2
105	111	1
105	112	7
107	1	7
107	2	6
107	3	5
107	4	4
107	5	3
107	6	3
107	8	3
107	9	3
107	10	3
107	11	4
107	12	5
107	13	6
107	14	7
107	15	8
107	16	9
107	17	6
107	18	5
107	19	4
107	20	3
107	22	2
107	23	2
107	24	2
107	25	2
107	26	3
107	27	4
107	28	5
107	29	6
107	30	7
107	82	8
107	83	7
107	84	6
107	85	5
107	86	4
107	87	1
107	88	1
107	89	4
107	90	5
107	92	6
107	93	7
107	94	8
107	95	9
107	96	1
107	97	2
107	98	3
107	99	4
107	100	5
107	101	1
107	102	2
107	103	3
107	104	4
107	105	5
107	107	0
107	108	1
107	109	2
107	110	3
107	111	4
107	112	2
108	1	8
108	2	7
108	3	6
108	4	5
108	5	4
108	6	4
108	8	4
108	9	4
108	10	4
108	11	5
108	12	6
108	13	7
108	14	8
108	15	9
108	16	10
108	17	7
108	18	6
108	19	5
108	20	4
108	22	3
108	23	3
108	24	3
108	25	3
108	26	4
108	27	5
108	28	6
108	29	7
108	30	8
108	82	9
108	83	8
108	84	7
108	85	6
108	86	5
108	87	2
108	88	2
108	89	5
108	90	6
108	92	7
108	93	8
108	94	9
108	95	10
108	96	2
108	97	1
108	98	2
108	99	3
108	100	4
108	101	2
108	102	1
108	103	2
108	104	3
108	105	4
108	107	1
108	108	0
108	109	1
108	110	2
108	111	3
108	112	3
109	1	9
109	2	8
109	3	7
109	4	6
109	5	5
109	6	5
109	8	5
109	9	5
109	10	5
109	11	6
109	12	7
109	13	8
109	14	9
109	15	10
109	16	11
109	17	8
109	18	7
109	19	6
109	20	5
109	22	4
109	23	4
109	24	4
109	25	4
109	26	5
109	27	6
109	28	7
109	29	8
109	30	9
109	82	10
109	83	9
109	84	8
109	85	7
109	86	6
109	87	3
109	88	3
109	89	6
109	90	7
109	92	8
109	93	9
109	94	10
109	95	11
109	96	3
109	97	2
109	98	1
109	99	2
109	100	3
109	101	3
109	102	2
109	103	1
109	104	2
109	105	3
109	107	2
109	108	1
109	109	0
109	110	1
109	111	2
109	112	4
110	1	10
110	2	9
110	3	8
110	4	7
110	5	6
110	6	6
110	8	6
110	9	6
110	10	6
110	11	7
110	12	8
110	13	9
110	14	10
110	15	11
110	16	12
110	17	9
110	18	8
110	19	7
110	20	6
110	22	5
110	23	5
110	24	5
110	25	5
110	26	6
110	27	7
110	28	8
110	29	9
110	30	10
110	82	11
110	83	10
110	84	9
110	85	8
110	86	7
110	87	4
110	88	4
110	89	7
110	90	8
110	92	9
110	93	10
110	94	11
110	95	12
110	96	4
110	97	3
110	98	2
110	99	1
110	100	2
110	101	4
110	102	3
110	103	2
110	104	1
110	105	2
110	107	3
110	108	2
110	109	1
110	110	0
110	111	1
110	112	5
111	1	11
111	2	10
111	3	9
111	4	8
111	5	7
111	6	7
111	8	7
111	9	7
111	10	7
111	11	8
111	12	9
111	13	10
111	14	11
111	15	12
111	16	13
111	17	10
111	18	9
111	19	8
111	20	7
111	22	6
111	23	6
111	24	6
111	25	6
111	26	7
111	27	8
111	28	9
111	29	10
111	30	11
111	82	12
111	83	11
111	84	10
111	85	9
111	86	8
111	87	5
111	88	5
111	89	8
111	90	9
111	92	10
111	93	11
111	94	12
111	95	13
111	96	5
111	97	4
111	98	3
111	99	2
111	100	1
111	101	5
111	102	4
111	103	3
111	104	2
111	105	1
111	107	4
111	108	3
111	109	2
111	110	1
111	111	0
111	112	6
112	1	7
112	2	6
112	3	5
112	4	4
112	5	3
112	6	3
112	8	4
112	9	4
112	10	4
112	11	5
112	12	6
112	13	7
112	14	8
112	15	9
112	16	10
112	17	6
112	18	5
112	19	4
112	20	3
112	22	2
112	23	2
112	24	3
112	25	3
112	26	4
112	27	5
112	28	6
112	29	7
112	30	8
112	82	9
112	83	7
112	84	6
112	85	5
112	86	4
112	87	1
112	88	2
112	89	5
112	90	6
112	92	7
112	93	8
112	94	9
112	95	10
112	96	3
112	97	4
112	98	5
112	99	6
112	100	7
112	101	3
112	102	4
112	103	5
112	104	6
112	105	7
112	107	2
112	108	3
112	109	4
112	110	5
112	111	6
112	112	0
