HCP_ID	ROOM_ID	IN_TIME	OUT_TIME
3	17503	2011-06-03 07:09:03	2011-06-03 07:28:54
15	17413	2011-06-03 07:15:03	2011-06-03 07:16:06
7	17438	2011-06-03 07:17:01	2011-06-03 07:19:41
6	17449	2011-06-03 07:17:11	2011-06-03 07:19:59
43	17481	2011-06-03 07:20:00	2011-06-03 07:24:07
7	17438	2011-06-03 07:20:30	2011-06-03 07:21:20
6	17449	2011-06-03 07:21:26	2011-06-03 07:24:00
5	17439	2011-06-03 07:24:29	2011-06-03 07:25:59
6	17449	2011-06-03 07:25:54	2011-06-03 07:28:55
8	17413	2011-06-03 07:26:22	2011-06-03 07:27:27
5	17439	2011-06-03 07:26:22	2011-06-03 07:27:03
43	17481	2011-06-03 07:28:55	2011-06-03 07:30:23
7	17438	2011-06-03 07:30:02	2011-06-03 07:30:59
43	17475	2011-06-03 07:32:31	2011-06-03 07:33:17
3	17502	2011-06-03 07:32:38	2011-06-03 07:35:09
7	17438	2011-06-03 07:32:55	2011-06-03 07:34:39
43	17475	2011-06-03 07:33:51	2011-06-03 07:35:10
3	17502	2011-06-03 07:35:27	2011-06-03 07:37:59
7	17438	2011-06-03 07:35:49	2011-06-03 07:39:25
43	17475	2011-06-03 07:35:51	2011-06-03 07:37:21
43	17415	2011-06-03 07:39:27	2011-06-03 07:44:47
3	17502	2011-06-03 07:39:41	2011-06-03 07:42:29
9	17478	2011-06-03 07:41:41	2011-06-03 07:45:09
6	17449	2011-06-03 07:42:01	2011-06-03 07:44:32
4	17413	2011-06-03 07:43:19	2011-06-03 07:45:09
3	17502	2011-06-03 07:45:10	2011-06-03 07:45:58
43	17415	2011-06-03 07:46:39	2011-06-03 07:50:53
13	17415	2011-06-03 07:48:53	2011-06-03 07:50:13
3	17502	2011-06-03 07:49:17	2011-06-03 07:51:33
6	17449	2011-06-03 07:50:12	2011-06-03 07:53:42
5	17439	2011-06-03 07:50:39	2011-06-03 07:52:46
13	17415	2011-06-03 07:50:53	2011-06-03 07:51:25
43	17415	2011-06-03 07:51:25	2011-06-03 07:52:00
3	17502	2011-06-03 07:52:01	2011-06-03 08:01:35
9	17478	2011-06-03 07:52:01	2011-06-03 07:57:09
43	17415	2011-06-03 07:52:31	2011-06-03 07:53:52
5	17439	2011-06-03 07:53:35	2011-06-03 07:54:38
13	17415	2011-06-03 07:54:05	2011-06-03 07:54:39
6	17449	2011-06-03 07:54:31	2011-06-03 07:55:19
17	17475	2011-06-03 07:55:27	2011-06-03 07:56:30
6	17449	2011-06-03 07:56:22	2011-06-03 08:01:53
5	17439	2011-06-03 07:56:29	2011-06-03 07:57:59
43	17410	2011-06-03 07:56:32	2011-06-03 07:57:04
21	17481	2011-06-03 07:57:18	2011-06-03 07:58:14
13	17415	2011-06-03 07:57:25	2011-06-03 07:58:55
9	17478	2011-06-03 07:57:27	2011-06-03 07:59:25
8	17412	2011-06-03 07:57:44	2011-06-03 07:58:14
43	17410	2011-06-03 07:58:08	2011-06-03 07:59:29
8	17412	2011-06-03 07:58:38	2011-06-03 08:05:35
13	17415	2011-06-03 07:59:18	2011-06-03 08:00:30
21	17481	2011-06-03 07:59:25	2011-06-03 08:00:38
27	17438	2011-06-03 07:59:35	2011-06-03 08:00:08
7	17438	2011-06-03 08:00:07	2011-06-03 08:01:33
43	17477	2011-06-03 08:00:23	2011-06-03 08:03:33
16	17414	2011-06-03 08:00:38	2011-06-03 08:01:34
9	17478	2011-06-03 08:00:56	2011-06-03 08:03:19
5	17439	2011-06-03 08:01:09	2011-06-03 08:06:15
3	17503	2011-06-03 08:02:46	2011-06-03 08:04:05
17	17475	2011-06-03 08:03:20	2011-06-03 08:04:23
7	17438	2011-06-03 08:03:41	2011-06-03 08:06:07
9	17478	2011-06-03 08:03:59	2011-06-03 08:04:38
43	17477	2011-06-03 08:04:53	2011-06-03 08:06:07
13	17415	2011-06-03 08:05:11	2011-06-03 08:05:41
14	17503	2011-06-03 08:05:28	2011-06-03 08:08:13
17	17475	2011-06-03 08:05:42	2011-06-03 08:07:26
2	17414	2011-06-03 08:07:14	2011-06-03 08:08:52
3	17502	2011-06-03 08:07:26	2011-06-03 08:09:27
13	17415	2011-06-03 08:08:00	2011-06-03 08:09:42
7	17438	2011-06-03 08:08:08	2011-06-03 08:08:38
17	17475	2011-06-03 08:08:29	2011-06-03 08:09:35
43	17405	2011-06-03 08:09:25	2011-06-03 08:10:37
16	17414	2011-06-03 08:10:07	2011-06-03 08:10:55
13	17405	2011-06-03 08:10:32	2011-06-03 08:11:11
43	17405	2011-06-03 08:11:04	2011-06-03 08:12:15
14	17503	2011-06-03 08:11:21	2011-06-03 08:12:05
13	17405	2011-06-03 08:11:52	2011-06-03 08:13:50
30	17414	2011-06-03 08:12:31	2011-06-03 08:16:07
6	17449	2011-06-03 08:13:13	2011-06-03 08:15:19
9	17477	2011-06-03 08:13:18	2011-06-03 08:13:58
43	17414	2011-06-03 08:13:50	2011-06-03 08:16:56
9	17477	2011-06-03 08:15:25	2011-06-03 08:15:59
16	17414	2011-06-03 08:17:02	2011-06-03 08:18:08
13	17405	2011-06-03 08:17:11	2011-06-03 08:20:14
15	17405	2011-06-03 08:17:35	2011-06-03 08:18:14
21	17475	2011-06-03 08:17:41	2011-06-03 08:18:54
43	17414	2011-06-03 08:17:41	2011-06-03 08:19:03
3	17502	2011-06-03 08:20:23	2011-06-03 08:20:53
17	17475	2011-06-03 08:22:00	2011-06-03 08:22:46
13	17405	2011-06-03 08:22:47	2011-06-03 08:23:29
17	17475	2011-06-03 08:24:45	2011-06-03 08:26:13
13	17405	2011-06-03 08:24:56	2011-06-03 08:25:35
17	17475	2011-06-03 08:26:31	2011-06-03 08:27:01
9	17478	2011-06-03 08:27:22	2011-06-03 08:28:42
13	17405	2011-06-03 08:27:48	2011-06-03 08:28:50
3	17503	2011-06-03 08:28:00	2011-06-03 08:30:13
17	17475	2011-06-03 08:28:30	2011-06-03 08:30:31
33	17414	2011-06-03 08:28:49	2011-06-03 08:30:25
1	17481	2011-06-03 08:30:14	2011-06-03 08:31:11
13	17405	2011-06-03 08:30:43	2011-06-03 08:31:50
17	17475	2011-06-03 08:32:07	2011-06-03 08:36:06
3	17503	2011-06-03 08:36:55	2011-06-03 08:42:15
33	17481	2011-06-03 08:40:05	2011-06-03 08:41:10
17	17475	2011-06-03 08:40:05	2011-06-03 08:40:37
43	17475	2011-06-03 08:41:01	2011-06-03 08:44:53
3	17502	2011-06-03 08:42:45	2011-06-03 08:43:58
1	17481	2011-06-03 08:43:18	2011-06-03 08:44:47
3	17502	2011-06-03 08:45:10	2011-06-03 08:45:59
3	17502	2011-06-03 08:46:22	2011-06-03 08:47:43
9	17477	2011-06-03 08:47:02	2011-06-03 08:49:57
2	17414	2011-06-03 08:48:11	2011-06-03 08:48:43
13	17405	2011-06-03 08:48:30	2011-06-03 08:49:34
5	17439	2011-06-03 08:48:37	2011-06-03 08:49:18
14	17503	2011-06-03 08:50:01	2011-06-03 08:52:01
9	17477	2011-06-03 08:50:21	2011-06-03 08:51:18
6	17449	2011-06-03 08:51:00	2011-06-03 08:51:43
6	17449	2011-06-03 08:52:19	2011-06-03 08:52:51
5	17439	2011-06-03 08:52:30	2011-06-03 08:53:03
43	17413	2011-06-03 08:52:31	2011-06-03 08:54:21
15	17410	2011-06-03 08:52:44	2011-06-03 08:58:59
14	17503	2011-06-03 08:53:07	2011-06-03 08:53:39
5	17439	2011-06-03 08:53:33	2011-06-03 08:55:42
21	17413	2011-06-03 08:54:30	2011-06-03 08:56:33
5	17439	2011-06-03 08:56:40	2011-06-03 08:59:33
43	17481	2011-06-03 08:58:37	2011-06-03 09:00:31
43	17413	2011-06-03 09:01:35	2011-06-03 09:02:30
3	17503	2011-06-03 09:02:29	2011-06-03 09:04:08
13	17405	2011-06-03 09:07:44	2011-06-03 09:08:25
6	17449	2011-06-03 09:15:55	2011-06-03 09:16:36
3	17503	2011-06-03 09:16:05	2011-06-03 09:16:55
5	17439	2011-06-03 09:18:14	2011-06-03 09:18:45
9	17478	2011-06-03 09:19:10	2011-06-03 09:20:55
2	17410	2011-06-03 09:19:13	2011-06-03 09:22:00
15	17410	2011-06-03 09:19:33	2011-06-03 09:21:44
43	17415	2011-06-03 09:21:43	2011-06-03 09:23:18
15	17410	2011-06-03 09:22:01	2011-06-03 09:22:54
6	17449	2011-06-03 09:22:09	2011-06-03 09:22:40
9	17478	2011-06-03 09:22:14	2011-06-03 09:23:59
3	17503	2011-06-03 09:22:46	2011-06-03 09:24:38
5	17439	2011-06-03 09:22:54	2011-06-03 09:25:27
2	17410	2011-06-03 09:23:43	2011-06-03 09:27:10
7	17449	2011-06-03 09:23:49	2011-06-03 09:24:23
15	17410	2011-06-03 09:24:47	2011-06-03 09:26:22
28	17449	2011-06-03 09:25:09	2011-06-03 09:27:34
43	17415	2011-06-03 09:25:26	2011-06-03 09:30:38
26	17449	2011-06-03 09:25:41	2011-06-03 09:28:00
5	17439	2011-06-03 09:26:37	2011-06-03 09:29:51
7	17438	2011-06-03 09:27:11	2011-06-03 09:27:51
9	17478	2011-06-03 09:27:43	2011-06-03 09:28:22
15	17410	2011-06-03 09:28:07	2011-06-03 09:29:45
28	17449	2011-06-03 09:28:31	2011-06-03 09:30:45
13	17413	2011-06-03 09:29:42	2011-06-03 09:32:45
28	17449	2011-06-03 09:31:26	2011-06-03 09:33:27
14	17508	2011-06-03 09:32:05	2011-06-03 09:32:45
6	17449	2011-06-03 09:34:07	2011-06-03 09:37:15
1	17481	2011-06-03 09:34:31	2011-06-03 09:36:36
13	17413	2011-06-03 09:34:55	2011-06-03 09:36:18
7	17503	2011-06-03 09:36:48	2011-06-03 09:37:57
13	17405	2011-06-03 09:38:47	2011-06-03 09:41:10
1	17481	2011-06-03 09:42:29	2011-06-03 09:43:42
43	17413	2011-06-03 09:47:42	2011-06-03 09:48:48
32	17413	2011-06-03 09:48:07	2011-06-03 09:50:07
43	17477	2011-06-03 09:49:34	2011-06-03 09:50:14
16	17412	2011-06-03 09:49:52	2011-06-03 09:51:06
9	17481	2011-06-03 09:49:58	2011-06-03 09:50:37
43	17477	2011-06-03 09:50:31	2011-06-03 09:54:14
27	17413	2011-06-03 09:51:34	2011-06-03 09:52:29
15	17413	2011-06-03 09:53:27	2011-06-03 09:54:21
5	17439	2011-06-03 09:54:13	2011-06-03 09:56:21
17	17475	2011-06-03 09:54:45	2011-06-03 09:55:17
15	17413	2011-06-03 09:55:09	2011-06-03 10:03:59
3	17503	2011-06-03 09:56:17	2011-06-03 09:57:10
2	17410	2011-06-03 09:57:13	2011-06-03 10:04:29
43	17475	2011-06-03 09:57:58	2011-06-03 09:58:29
14	17503	2011-06-03 10:01:14	2011-06-03 10:01:57
13	17405	2011-06-03 10:01:34	2011-06-03 10:04:22
15	17413	2011-06-03 10:04:53	2011-06-03 10:07:35
13	17405	2011-06-03 10:05:19	2011-06-03 10:07:18
2	17410	2011-06-03 10:05:25	2011-06-03 10:07:07
9	17475	2011-06-03 10:05:33	2011-06-03 10:09:51
15	17414	2011-06-03 10:06:53	2011-06-03 10:07:35
17	17475	2011-06-03 10:07:01	2011-06-03 10:07:35
21	17413	2011-06-03 10:07:03	2011-06-03 10:07:57
15	17413	2011-06-03 10:08:14	2011-06-03 10:11:58
17	17475	2011-06-03 10:09:02	2011-06-03 10:09:34
17	17475	2011-06-03 10:09:51	2011-06-03 10:10:38
9	17475	2011-06-03 10:10:38	2011-06-03 10:11:13
17	17475	2011-06-03 10:10:55	2011-06-03 10:12:07
15	17413	2011-06-03 10:12:39	2011-06-03 10:15:42
28	17415	2011-06-03 10:12:45	2011-06-03 10:13:52
2	17439	2011-06-03 10:14:32	2011-06-03 10:15:44
5	17439	2011-06-03 10:14:53	2011-06-03 10:16:47
16	17414	2011-06-03 10:15:35	2011-06-03 10:16:14
2	17439	2011-06-03 10:16:46	2011-06-03 10:19:21
28	17415	2011-06-03 10:17:03	2011-06-03 10:22:14
21	17502	2011-06-03 10:17:12	2011-06-03 10:18:31
16	17414	2011-06-03 10:17:20	2011-06-03 10:19:09
15	17413	2011-06-03 10:18:07	2011-06-03 10:19:10
16	17414	2011-06-03 10:19:34	2011-06-03 10:21:25
21	17415	2011-06-03 10:20:13	2011-06-03 10:21:20
17	17478	2011-06-03 10:20:22	2011-06-03 10:23:50
2	17439	2011-06-03 10:23:56	2011-06-03 10:26:30
13	17405	2011-06-03 10:27:51	2011-06-03 10:28:23
16	17414	2011-06-03 10:27:57	2011-06-03 10:28:37
2	17439	2011-06-03 10:28:36	2011-06-03 10:29:20
2	17439	2011-06-03 10:29:46	2011-06-03 10:30:47
21	17502	2011-06-03 10:30:06	2011-06-03 10:31:25
2	17439	2011-06-03 10:31:09	2011-06-03 10:32:50
21	17502	2011-06-03 10:31:51	2011-06-03 10:32:29
5	17439	2011-06-03 10:32:47	2011-06-03 10:35:50
2	17502	2011-06-03 10:34:03	2011-06-03 10:34:40
21	17502	2011-06-03 10:34:13	2011-06-03 10:35:50
15	17413	2011-06-03 10:35:27	2011-06-03 10:36:53
15	17413	2011-06-03 10:37:11	2011-06-03 10:39:02
15	17414	2011-06-03 10:37:57	2011-06-03 10:38:38
5	17439	2011-06-03 10:39:42	2011-06-03 10:40:46
43	17477	2011-06-03 10:41:07	2011-06-03 10:42:13
5	17439	2011-06-03 10:43:42	2011-06-03 10:44:15
43	17475	2011-06-03 10:46:45	2011-06-03 10:49:34
5	17439	2011-06-03 10:50:31	2011-06-03 10:51:13
43	17475	2011-06-03 10:50:46	2011-06-03 10:51:41
31	17475	2011-06-03 10:51:41	2011-06-03 10:52:37
43	17475	2011-06-03 10:51:59	2011-06-03 10:53:02
27	17475	2011-06-03 10:54:29	2011-06-03 10:55:09
31	17475	2011-06-03 10:54:39	2011-06-03 10:57:50
27	17475	2011-06-03 10:55:49	2011-06-03 10:57:57
43	17475	2011-06-03 10:56:02	2011-06-03 10:56:46
7	17438	2011-06-03 11:10:07	2011-06-03 11:11:25
9	17478	2011-06-03 11:10:46	2011-06-03 11:11:27
7	17438	2011-06-03 11:14:23	2011-06-03 11:15:33
9	17477	2011-06-03 11:15:01	2011-06-03 11:15:34
7	17438	2011-06-03 11:16:05	2011-06-03 11:17:11
7	17438	2011-06-03 11:19:42	2011-06-03 11:21:35
16	17412	2011-06-03 11:21:49	2011-06-03 11:22:54
7	17438	2011-06-03 11:22:15	2011-06-03 11:23:10
16	17410	2011-06-03 11:23:22	2011-06-03 11:24:18
3	17505	2011-06-03 11:24:47	2011-06-03 11:25:55
14	17508	2011-06-03 11:27:10	2011-06-03 11:27:47
9	17478	2011-06-03 11:29:26	2011-06-03 11:29:58
26	17449	2011-06-03 11:30:22	2011-06-03 11:31:30
43	17481	2011-06-03 11:30:30	2011-06-03 11:32:13
32	17449	2011-06-03 11:31:24	2011-06-03 11:33:14
43	17481	2011-06-03 11:32:46	2011-06-03 11:35:17
26	17449	2011-06-03 11:35:14	2011-06-03 11:37:07
3	17503	2011-06-03 11:35:34	2011-06-03 11:36:29
43	17481	2011-06-03 11:35:46	2011-06-03 11:36:16
43	17481	2011-06-03 11:37:58	2011-06-03 11:38:39
26	17449	2011-06-03 11:38:02	2011-06-03 11:40:25
13	17405	2011-06-03 11:38:22	2011-06-03 11:38:55
15	17413	2011-06-03 11:38:40	2011-06-03 11:39:43
21	17437	2011-06-03 11:39:01	2011-06-03 11:39:49
13	17405	2011-06-03 11:39:26	2011-06-03 11:40:22
43	17477	2011-06-03 11:39:50	2011-06-03 11:40:22
21	17437	2011-06-03 11:40:14	2011-06-03 11:42:13
13	17405	2011-06-03 11:41:10	2011-06-03 11:42:21
43	17477	2011-06-03 11:42:40	2011-06-03 11:43:27
13	17405	2011-06-03 11:42:45	2011-06-03 11:43:19
21	17437	2011-06-03 11:42:47	2011-06-03 11:43:57
14	17508	2011-06-03 11:42:52	2011-06-03 11:43:45
17	17475	2011-06-03 11:43:35	2011-06-03 11:44:15
21	17437	2011-06-03 11:44:15	2011-06-03 11:45:50
13	17405	2011-06-03 11:44:22	2011-06-03 11:46:07
3	17505	2011-06-03 11:45:11	2011-06-03 11:46:55
21	17505	2011-06-03 11:47:18	2011-06-03 11:49:25
3	17505	2011-06-03 11:47:18	2011-06-03 11:48:31
13	17405	2011-06-03 11:48:05	2011-06-03 11:48:38
13	17405	2011-06-03 11:48:55	2011-06-03 11:51:13
3	17505	2011-06-03 11:49:59	2011-06-03 11:51:04
15	17413	2011-06-03 11:51:33	2011-06-03 11:52:45
3	17505	2011-06-03 11:52:54	2011-06-03 11:54:45
15	17413	2011-06-03 11:53:09	2011-06-03 11:53:57
7	17438	2011-06-03 11:57:01	2011-06-03 11:57:34
3	17505	2011-06-03 11:57:01	2011-06-03 11:58:15
15	17415	2011-06-03 11:57:25	2011-06-03 11:59:11
7	17438	2011-06-03 11:57:57	2011-06-03 12:00:43
15	17415	2011-06-03 11:59:50	2011-06-03 12:04:14
3	17505	2011-06-03 12:00:07	2011-06-03 12:02:38
32	17505	2011-06-03 12:01:33	2011-06-03 12:02:14
7	17438	2011-06-03 12:01:49	2011-06-03 12:03:01
33	17414	2011-06-03 12:02:29	2011-06-03 12:05:51
7	17438	2011-06-03 12:04:29	2011-06-03 12:07:42
3	17505	2011-06-03 12:05:18	2011-06-03 12:05:49
3	17505	2011-06-03 12:06:22	2011-06-03 12:07:36
7	17438	2011-06-03 12:08:14	2011-06-03 12:09:10
3	17505	2011-06-03 12:08:21	2011-06-03 12:10:32
13	17415	2011-06-03 12:08:39	2011-06-03 12:09:27
7	17438	2011-06-03 12:10:41	2011-06-03 12:12:23
3	17505	2011-06-03 12:10:54	2011-06-03 12:12:23
6	17449	2011-06-03 12:12:47	2011-06-03 12:14:31
15	17415	2011-06-03 12:13:18	2011-06-03 12:16:39
7	17438	2011-06-03 12:13:57	2011-06-03 12:14:46
13	17415	2011-06-03 12:14:55	2011-06-03 12:15:37
6	17449	2011-06-03 12:15:04	2011-06-03 12:16:21
3	17505	2011-06-03 12:15:18	2011-06-03 12:16:54
7	17438	2011-06-03 12:19:59	2011-06-03 12:22:06
15	17413	2011-06-03 12:21:42	2011-06-03 12:29:02
7	17438	2011-06-03 12:23:01	2011-06-03 12:23:58
7	17438	2011-06-03 12:24:23	2011-06-03 12:25:27
7	17438	2011-06-03 12:28:07	2011-06-03 12:32:15
6	17449	2011-06-03 12:30:08	2011-06-03 12:31:20
15	17413	2011-06-03 12:32:31	2011-06-03 12:35:10
7	17438	2011-06-03 12:33:27	2011-06-03 12:36:31
27	17413	2011-06-03 12:35:04	2011-06-03 12:37:57
21	17437	2011-06-03 12:36:22	2011-06-03 12:38:30
7	17438	2011-06-03 12:37:03	2011-06-03 12:37:58
3	17505	2011-06-03 12:38:05	2011-06-03 12:39:18
6	17437	2011-06-03 12:38:05	2011-06-03 12:40:22
43	17413	2011-06-03 12:38:22	2011-06-03 12:38:53
15	17413	2011-06-03 12:39:01	2011-06-03 12:40:15
5	17437	2011-06-03 12:39:02	2011-06-03 12:39:35
2	17415	2011-06-03 12:39:38	2011-06-03 12:41:18
16	17414	2011-06-03 12:39:42	2011-06-03 12:41:49
3	17505	2011-06-03 12:39:43	2011-06-03 12:40:35
3	17505	2011-06-03 12:41:35	2011-06-03 12:43:19
15	17413	2011-06-03 12:41:49	2011-06-03 12:46:14
2	17415	2011-06-03 12:41:49	2011-06-03 12:43:47
6	17437	2011-06-03 12:41:51	2011-06-03 12:43:10
7	17438	2011-06-03 12:42:37	2011-06-03 12:43:09
5	17437	2011-06-03 12:43:10	2011-06-03 12:45:11
17	17475	2011-06-03 12:44:14	2011-06-03 12:47:09
16	17414	2011-06-03 12:45:18	2011-06-03 12:46:55
3	17505	2011-06-03 12:45:19	2011-06-03 12:46:56
15	17413	2011-06-03 12:47:42	2011-06-03 12:48:31
14	17503	2011-06-03 12:47:56	2011-06-03 12:49:04
6	17437	2011-06-03 12:48:46	2011-06-03 12:54:37
15	17413	2011-06-03 12:51:30	2011-06-03 12:54:02
7	17438	2011-06-03 12:51:35	2011-06-03 12:53:26
27	17413	2011-06-03 12:51:48	2011-06-03 12:53:30
3	17505	2011-06-03 12:51:57	2011-06-03 12:52:39
21	17413	2011-06-03 12:52:55	2011-06-03 12:54:39
32	17413	2011-06-03 12:52:56	2011-06-03 13:01:33
2	17508	2011-06-03 12:53:21	2011-06-03 12:54:39
27	17413	2011-06-03 12:54:02	2011-06-03 12:55:34
3	17505	2011-06-03 12:54:05	2011-06-03 12:55:09
15	17413	2011-06-03 12:54:26	2011-06-03 13:00:39
43	17413	2011-06-03 12:54:26	2011-06-03 12:56:31
7	17438	2011-06-03 12:54:29	2011-06-03 12:57:04
31	17413	2011-06-03 12:54:39	2011-06-03 12:55:11
6	17437	2011-06-03 12:55:59	2011-06-03 12:56:31
27	17413	2011-06-03 12:56:39	2011-06-03 13:01:11
43	17413	2011-06-03 12:57:59	2011-06-03 12:59:50
33	17437	2011-06-03 12:58:05	2011-06-03 13:01:58
3	17505	2011-06-03 12:58:38	2011-06-03 12:59:42
6	17437	2011-06-03 12:58:45	2011-06-03 13:02:37
15	17414	2011-06-03 12:59:11	2011-06-03 12:59:57
43	17413	2011-06-03 13:00:38	2011-06-03 13:02:21
15	17413	2011-06-03 13:01:25	2011-06-03 13:07:09
27	17413	2011-06-03 13:02:37	2011-06-03 13:04:07
6	17437	2011-06-03 13:06:56	2011-06-03 13:08:40
7	17505	2011-06-03 13:07:17	2011-06-03 13:10:14
17	17478	2011-06-03 13:08:23	2011-06-03 13:10:46
15	17413	2011-06-03 13:08:39	2011-06-03 13:09:10
15	17413	2011-06-03 13:10:15	2011-06-03 13:13:58
15	17413	2011-06-03 13:14:47	2011-06-03 13:15:21
6	17437	2011-06-03 13:20:17	2011-06-03 13:21:09
5	17439	2011-06-03 13:20:35	2011-06-03 13:21:35
16	17405	2011-06-03 13:21:19	2011-06-03 13:21:57
15	17413	2011-06-03 13:21:26	2011-06-03 13:22:46
43	17437	2011-06-03 13:22:38	2011-06-03 13:23:18
27	17437	2011-06-03 13:22:47	2011-06-03 13:24:45
27	17449	2011-06-03 13:24:55	2011-06-03 13:26:55
31	17437	2011-06-03 13:26:14	2011-06-03 13:27:01
27	17437	2011-06-03 13:29:35	2011-06-03 13:30:17
17	17477	2011-06-03 13:30:06	2011-06-03 13:30:47
43	17414	2011-06-03 13:30:24	2011-06-03 13:31:33
43	17414	2011-06-03 13:31:50	2011-06-03 13:35:33
21	17437	2011-06-03 13:32:55	2011-06-03 13:33:34
27	17449	2011-06-03 13:34:22	2011-06-03 13:40:36
9	17475	2011-06-03 13:35:58	2011-06-03 13:36:54
27	17437	2011-06-03 13:40:47	2011-06-03 13:41:35
27	17449	2011-06-03 13:41:17	2011-06-03 13:41:49
9	17478	2011-06-03 13:41:42	2011-06-03 13:43:27
17	17475	2011-06-03 13:41:50	2011-06-03 13:42:37
27	17437	2011-06-03 13:42:23	2011-06-03 13:43:49
33	17437	2011-06-03 13:42:48	2011-06-03 13:43:42
43	17437	2011-06-03 13:43:57	2011-06-03 13:45:03
27	17437	2011-06-03 13:44:29	2011-06-03 13:45:32
6	17437	2011-06-03 13:45:13	2011-06-03 13:46:06
27	17437	2011-06-03 13:46:31	2011-06-03 13:49:01
6	17437	2011-06-03 13:49:01	2011-06-03 13:51:25
31	17437	2011-06-03 13:49:18	2011-06-03 13:52:23
2	17449	2011-06-03 13:50:27	2011-06-03 13:50:57
2	17449	2011-06-03 13:51:16	2011-06-03 14:11:25
43	17475	2011-06-03 13:51:27	2011-06-03 13:52:23
27	17437	2011-06-03 13:52:47	2011-06-03 13:53:41
14	17503	2011-06-03 13:55:49	2011-06-03 13:57:47
21	17439	2011-06-03 13:57:09	2011-06-03 13:59:10
21	17439	2011-06-03 13:59:50	2011-06-03 14:00:21
21	17439	2011-06-03 14:01:03	2011-06-03 14:04:40
33	17437	2011-06-03 14:03:34	2011-06-03 14:04:39
14	17503	2011-06-03 14:03:46	2011-06-03 14:05:06
21	17439	2011-06-03 14:05:33	2011-06-03 14:06:05
33	17437	2011-06-03 14:05:35	2011-06-03 14:06:30
6	17437	2011-06-03 14:05:49	2011-06-03 14:18:48
21	17439	2011-06-03 14:07:01	2011-06-03 14:08:47
15	17413	2011-06-03 14:07:03	2011-06-03 14:07:59
27	17437	2011-06-03 14:09:33	2011-06-03 14:10:38
33	17437	2011-06-03 14:11:41	2011-06-03 14:13:11
2	17449	2011-06-03 14:12:59	2011-06-03 14:13:59
7	17438	2011-06-03 14:13:25	2011-06-03 14:14:23
2	17449	2011-06-03 14:14:16	2011-06-03 14:15:47
2	17449	2011-06-03 14:18:07	2011-06-03 14:19:34
27	17437	2011-06-03 14:19:12	2011-06-03 14:21:26
6	17437	2011-06-03 14:20:51	2011-06-03 14:23:50
9	17477	2011-06-03 14:22:39	2011-06-03 14:24:38
16	17412	2011-06-03 14:22:49	2011-06-03 14:23:22
21	17439	2011-06-03 14:26:05	2011-06-03 14:26:55
6	17437	2011-06-03 14:26:54	2011-06-03 14:28:15
27	17437	2011-06-03 14:28:38	2011-06-03 14:29:19
6	17437	2011-06-03 14:28:38	2011-06-03 14:32:14
33	17437	2011-06-03 14:30:30	2011-06-03 14:31:02
26	17439	2011-06-03 14:31:16	2011-06-03 14:34:35
33	17437	2011-06-03 14:32:21	2011-06-03 14:35:29
13	17405	2011-06-03 14:37:42	2011-06-03 14:38:54
21	17439	2011-06-03 14:40:13	2011-06-03 14:41:26
16	17414	2011-06-03 14:40:40	2011-06-03 14:41:17
7	17438	2011-06-03 14:42:30	2011-06-03 14:43:50
13	17405	2011-06-03 14:42:30	2011-06-03 14:44:37
13	17405	2011-06-03 14:45:10	2011-06-03 14:48:55
7	17438	2011-06-03 14:45:27	2011-06-03 14:48:06
16	17414	2011-06-03 14:45:27	2011-06-03 14:47:03
13	17405	2011-06-03 14:49:17	2011-06-03 14:50:24
2	17439	2011-06-03 14:55:33	2011-06-03 14:56:13
21	17437	2011-06-03 15:11:27	2011-06-03 15:12:55
5	17437	2011-06-03 15:15:02	2011-06-03 15:16:21
5	17437	2011-06-03 15:16:47	2011-06-03 15:19:19
7	17437	2011-06-03 15:22:07	2011-06-03 15:23:17
15	17413	2011-06-03 15:25:57	2011-06-03 15:26:31
2	17405	2011-06-03 15:30:45	2011-06-03 15:32:33
7	17438	2011-06-03 15:34:47	2011-06-03 15:35:28
3	17505	2011-06-03 15:35:58	2011-06-03 15:37:43
7	17438	2011-06-03 15:35:59	2011-06-03 15:37:59
1	17481	2011-06-03 15:38:37	2011-06-03 15:39:10
21	17505	2011-06-03 15:42:29	2011-06-03 15:43:03
9	17478	2011-06-03 15:42:30	2011-06-03 15:50:07
1	17481	2011-06-03 15:44:23	2011-06-03 15:48:30
13	17503	2011-06-03 15:45:19	2011-06-03 15:46:38
13	17503	2011-06-03 15:48:07	2011-06-03 15:49:17
7	17438	2011-06-03 15:48:14	2011-06-03 15:50:39
43	17414	2011-06-03 15:49:56	2011-06-03 15:50:37
13	17503	2011-06-03 15:49:59	2011-06-03 15:51:18
9	17478	2011-06-03 15:50:46	2011-06-03 15:51:50
43	17414	2011-06-03 15:51:26	2011-06-03 15:53:04
3	17505	2011-06-03 15:51:41	2011-06-03 15:52:22
7	17438	2011-06-03 15:51:57	2011-06-03 15:52:45
13	17503	2011-06-03 15:52:39	2011-06-03 15:53:41
13	17503	2011-06-03 15:55:35	2011-06-03 15:58:23
43	17481	2011-06-03 15:56:15	2011-06-03 15:57:09
15	17413	2011-06-03 15:57:33	2011-06-03 15:58:06
15	17414	2011-06-03 15:57:35	2011-06-03 15:58:06
43	17481	2011-06-03 15:58:06	2011-06-03 15:59:18
7	17438	2011-06-03 15:58:15	2011-06-03 15:58:45
15	17413	2011-06-03 15:59:09	2011-06-03 15:59:43
13	17503	2011-06-03 15:59:38	2011-06-03 16:00:38
2	17439	2011-06-03 15:59:50	2011-06-03 16:00:36
43	17481	2011-06-03 16:01:11	2011-06-03 16:05:35
1	17481	2011-06-03 16:02:06	2011-06-03 16:03:33
2	17449	2011-06-03 16:02:12	2011-06-03 16:07:35
3	17505	2011-06-03 16:02:54	2011-06-03 16:04:06
13	17503	2011-06-03 16:03:41	2011-06-03 16:05:49
5	17437	2011-06-03 16:04:47	2011-06-03 16:05:20
15	17405	2011-06-03 16:06:06	2011-06-03 16:06:55
43	17481	2011-06-03 16:06:22	2011-06-03 16:07:11
43	17481	2011-06-03 16:07:33	2011-06-03 16:08:06
2	17449	2011-06-03 16:08:29	2011-06-03 16:10:49
16	17414	2011-06-03 16:08:37	2011-06-03 16:09:25
43	17481	2011-06-03 16:08:39	2011-06-03 16:09:41
3	17505	2011-06-03 16:09:38	2011-06-03 16:10:55
17	17475	2011-06-03 16:09:50	2011-06-03 16:10:47
43	17481	2011-06-03 16:11:17	2011-06-03 16:12:23
16	17414	2011-06-03 16:11:25	2011-06-03 16:15:02
7	17438	2011-06-03 16:11:27	2011-06-03 16:12:07
2	17449	2011-06-03 16:12:00	2011-06-03 16:12:54
9	17478	2011-06-03 16:13:33	2011-06-03 16:16:23
43	17477	2011-06-03 16:13:42	2011-06-03 16:14:45
7	17438	2011-06-03 16:13:50	2011-06-03 16:14:24
15	17405	2011-06-03 16:13:51	2011-06-03 16:17:19
17	17475	2011-06-03 16:15:01	2011-06-03 16:16:16
16	17414	2011-06-03 16:15:43	2011-06-03 16:16:53
43	17475	2011-06-03 16:17:41	2011-06-03 16:18:30
9	17478	2011-06-03 16:17:57	2011-06-03 16:19:02
43	17475	2011-06-03 16:18:55	2011-06-03 16:20:31
5	17449	2011-06-03 16:19:55	2011-06-03 16:20:30
15	17410	2011-06-03 16:20:19	2011-06-03 16:21:18
5	17437	2011-06-03 16:20:46	2011-06-03 16:21:18
16	17414	2011-06-03 16:21:11	2011-06-03 16:21:43
5	17437	2011-06-03 16:21:43	2011-06-03 16:23:17
9	17477	2011-06-03 16:24:38	2011-06-03 16:25:09
43	17413	2011-06-03 16:24:39	2011-06-03 16:25:42
17	17475	2011-06-03 16:25:11	2011-06-03 16:25:41
5	17437	2011-06-03 16:25:33	2011-06-03 16:26:45
21	17405	2011-06-03 16:25:51	2011-06-03 16:28:47
17	17475	2011-06-03 16:25:59	2011-06-03 16:27:25
7	17438	2011-06-03 16:26:06	2011-06-03 16:27:11
2	17405	2011-06-03 16:26:37	2011-06-03 16:29:04
43	17405	2011-06-03 16:26:54	2011-06-03 16:27:58
5	17437	2011-06-03 16:27:27	2011-06-03 16:31:49
15	17405	2011-06-03 16:27:43	2011-06-03 16:28:47
16	17405	2011-06-03 16:28:37	2011-06-03 16:29:18
9	17478	2011-06-03 16:28:37	2011-06-03 16:29:11
21	17405	2011-06-03 16:29:11	2011-06-03 16:30:54
1	17481	2011-06-03 16:31:02	2011-06-03 16:31:59
21	17405	2011-06-03 16:31:19	2011-06-03 16:31:52
2	17405	2011-06-03 16:31:24	2011-06-03 16:32:18
21	17405	2011-06-03 16:32:14	2011-06-03 16:33:20
15	17405	2011-06-03 16:32:22	2011-06-03 16:34:54
16	17405	2011-06-03 16:32:29	2011-06-03 16:35:35
7	17438	2011-06-03 16:33:10	2011-06-03 16:35:35
7	17437	2011-06-03 16:33:25	2011-06-03 16:33:57
5	17437	2011-06-03 16:33:36	2011-06-03 16:35:09
9	17478	2011-06-03 16:34:45	2011-06-03 16:35:35
15	17405	2011-06-03 16:35:18	2011-06-03 16:36:07
5	17437	2011-06-03 16:35:43	2011-06-03 16:36:30
15	17405	2011-06-03 16:36:38	2011-06-03 16:40:53
16	17405	2011-06-03 16:37:49	2011-06-03 16:38:23
21	17405	2011-06-03 16:39:29	2011-06-03 16:43:11
15	17405	2011-06-03 16:43:03	2011-06-03 16:44:31
16	17405	2011-06-03 16:43:42	2011-06-03 16:44:28
15	17405	2011-06-03 16:45:27	2011-06-03 16:45:59
15	17405	2011-06-03 16:47:02	2011-06-03 16:48:08
16	17413	2011-06-03 16:47:18	2011-06-03 16:47:58
15	17405	2011-06-03 16:50:13	2011-06-03 16:51:57
7	17438	2011-06-03 16:53:03	2011-06-03 16:53:43
43	17405	2011-06-03 16:59:43	2011-06-03 17:01:42
15	17405	2011-06-03 17:01:02	2011-06-03 17:04:49
43	17405	2011-06-03 17:05:21	2011-06-03 17:08:50
17	17475	2011-06-03 17:06:21	2011-06-03 17:07:11
15	17405	2011-06-03 17:08:09	2011-06-03 17:09:50
9	17478	2011-06-03 17:09:57	2011-06-03 17:11:33
15	17405	2011-06-03 17:10:13	2011-06-03 17:10:54
15	17405	2011-06-03 17:11:59	2011-06-03 17:12:30
2	17481	2011-06-03 17:12:27	2011-06-03 17:13:36
15	17405	2011-06-03 17:13:59	2011-06-03 17:14:38
15	17405	2011-06-03 17:15:10	2011-06-03 17:21:30
9	17478	2011-06-03 17:17:11	2011-06-03 17:18:00
9	17478	2011-06-03 17:18:39	2011-06-03 17:19:37
4	17412	2011-06-03 17:23:10	2011-06-03 17:26:47
15	17405	2011-06-03 17:24:29	2011-06-03 17:31:50
9	17478	2011-06-03 17:30:23	2011-06-03 17:31:34
3	17505	2011-06-03 17:32:13	2011-06-03 17:32:46
15	17413	2011-06-03 17:33:58	2011-06-03 17:35:09
5	17437	2011-06-03 17:35:09	2011-06-03 17:36:15
15	17413	2011-06-03 17:35:57	2011-06-03 17:37:43
4	17412	2011-06-03 17:36:21	2011-06-03 17:40:48
16	17414	2011-06-03 17:37:42	2011-06-03 17:38:45
15	17413	2011-06-03 17:38:05	2011-06-03 17:38:55
43	17477	2011-06-03 17:39:26	2011-06-03 17:40:22
5	17437	2011-06-03 17:41:10	2011-06-03 17:44:21
43	17414	2011-06-03 17:46:29	2011-06-03 17:47:19
16	17412	2011-06-03 17:48:05	2011-06-03 17:50:38
4	17410	2011-06-03 17:49:19	2011-06-03 17:53:50
9	17478	2011-06-03 17:50:01	2011-06-03 17:50:41
21	17508	2011-06-03 17:51:02	2011-06-03 17:52:30
43	17410	2011-06-03 17:51:16	2011-06-03 17:53:54
13	17508	2011-06-03 17:51:35	2011-06-03 17:52:06
13	17508	2011-06-03 17:52:30	2011-06-03 17:53:34
4	17412	2011-06-03 17:52:55	2011-06-03 17:53:52
21	17508	2011-06-03 17:53:58	2011-06-03 17:55:27
4	17410	2011-06-03 17:54:12	2011-06-03 17:56:12
15	17413	2011-06-03 17:55:34	2011-06-03 17:56:13
17	17475	2011-06-03 17:56:47	2011-06-03 17:57:28
9	17475	2011-06-03 17:57:49	2011-06-03 17:59:19
4	17412	2011-06-03 17:57:56	2011-06-03 17:58:26
5	17437	2011-06-03 18:01:01	2011-06-03 18:02:07
9	17475	2011-06-03 18:02:13	2011-06-03 18:03:17
5	17437	2011-06-03 18:04:56	2011-06-03 18:07:09
13	17508	2011-06-03 18:06:46	2011-06-03 18:07:43
5	17437	2011-06-03 18:07:41	2011-06-03 18:09:57
2	17475	2011-06-03 18:09:49	2011-06-03 18:10:20
7	17438	2011-06-03 18:10:54	2011-06-03 18:12:23
15	17413	2011-06-03 18:11:02	2011-06-03 18:11:51
15	17413	2011-06-03 18:12:23	2011-06-03 18:12:54
4	17410	2011-06-03 18:12:35	2011-06-03 18:13:41
4	17410	2011-06-03 18:14:14	2011-06-03 18:23:04
9	17477	2011-06-03 18:14:31	2011-06-03 18:15:34
15	17405	2011-06-03 18:16:17	2011-06-03 18:18:09
7	17449	2011-06-03 18:22:14	2011-06-03 18:24:07
9	17478	2011-06-03 18:24:14	2011-06-03 18:26:06
3	17505	2011-06-03 18:28:58	2011-06-03 18:31:10
13	17508	2011-06-03 18:29:49	2011-06-03 18:30:21
13	17508	2011-06-03 18:31:03	2011-06-03 18:31:43
15	17405	2011-06-03 18:31:26	2011-06-03 18:32:07
7	17438	2011-06-03 18:36:22	2011-06-03 18:37:11
13	17508	2011-06-03 18:37:41	2011-06-03 18:38:29
7	17438	2011-06-03 18:48:30	2011-06-03 18:49:58
7	17438	2011-06-03 18:54:39	2011-06-03 18:55:10
5	17437	2011-06-03 18:56:30	2011-06-03 18:57:01
17	17478	2011-06-03 18:59:03	2011-06-03 19:00:54
78	17481	2011-06-03 19:13:35	2011-06-03 19:14:39
85	17478	2011-06-03 19:13:52	2011-06-03 19:15:52
49	17412	2011-06-03 19:14:23	2011-06-03 19:14:56
49	17413	2011-06-03 19:16:38	2011-06-03 19:17:26
49	17414	2011-06-03 19:20:45	2011-06-03 19:21:43
49	17414	2011-06-03 19:22:07	2011-06-03 19:23:50
49	17414	2011-06-03 19:24:46	2011-06-03 19:26:47
87	17415	2011-06-03 19:26:30	2011-06-03 19:27:11
78	17479	2011-06-03 19:27:50	2011-06-03 19:30:14
49	17414	2011-06-03 19:30:32	2011-06-03 19:31:12
91	17479	2011-06-03 19:34:23	2011-06-03 19:39:20
49	17475	2011-06-03 19:34:38	2011-06-03 19:37:10
86	17508	2011-06-03 19:35:26	2011-06-03 19:36:38
94	17479	2011-06-03 19:36:13	2011-06-03 19:37:58
91	17479	2011-06-03 19:39:37	2011-06-03 19:40:39
86	17508	2011-06-03 19:39:43	2011-06-03 19:40:14
93	17439	2011-06-03 19:41:28	2011-06-03 19:42:48
86	17508	2011-06-03 19:41:43	2011-06-03 19:43:57
77	17413	2011-06-03 19:41:56	2011-06-03 19:42:27
91	17479	2011-06-03 19:42:23	2011-06-03 19:46:46
71	17503	2011-06-03 19:42:26	2011-06-03 19:43:11
77	17413	2011-06-03 19:43:05	2011-06-03 19:44:52
77	17413	2011-06-03 19:45:16	2011-06-03 19:47:27
71	17503	2011-06-03 19:45:21	2011-06-03 19:45:52
79	17477	2011-06-03 19:45:31	2011-06-03 19:46:41
85	17479	2011-06-03 19:46:05	2011-06-03 19:46:54
78	17480	2011-06-03 19:47:27	2011-06-03 19:48:21
87	17412	2011-06-03 19:47:35	2011-06-03 19:48:06
79	17477	2011-06-03 19:47:37	2011-06-03 19:48:34
86	17508	2011-06-03 19:48:14	2011-06-03 19:50:47
79	17477	2011-06-03 19:49:12	2011-06-03 19:52:35
87	17412	2011-06-03 19:49:28	2011-06-03 19:53:20
93	17439	2011-06-03 19:51:13	2011-06-03 19:51:52
94	17439	2011-06-03 19:51:13	2011-06-03 19:51:44
49	17478	2011-06-03 19:51:34	2011-06-03 19:53:12
91	17479	2011-06-03 19:52:13	2011-06-03 19:53:02
77	17412	2011-06-03 19:53:05	2011-06-03 19:53:38
91	17479	2011-06-03 19:53:38	2011-06-03 19:56:15
49	17479	2011-06-03 19:53:38	2011-06-03 19:54:14
87	17412	2011-06-03 19:53:43	2011-06-03 19:55:12
79	17477	2011-06-03 19:53:57	2011-06-03 19:54:28
85	17479	2011-06-03 19:53:59	2011-06-03 19:54:32
79	17477	2011-06-03 19:54:53	2011-06-03 19:55:23
79	17477	2011-06-03 19:55:47	2011-06-03 19:57:28
85	17478	2011-06-03 19:55:59	2011-06-03 19:56:30
77	17413	2011-06-03 19:56:18	2011-06-03 19:56:51
79	17477	2011-06-03 19:57:52	2011-06-03 19:59:18
49	17481	2011-06-03 19:59:01	2011-06-03 20:01:51
74	17439	2011-06-03 19:59:03	2011-06-03 20:00:03
71	17505	2011-06-03 19:59:17	2011-06-03 20:00:21
71	17505	2011-06-03 20:00:42	2011-06-03 20:01:31
79	17477	2011-06-03 20:01:39	2011-06-03 20:05:30
86	17508	2011-06-03 20:02:00	2011-06-03 20:02:46
77	17414	2011-06-03 20:02:32	2011-06-03 20:03:11
71	17505	2011-06-03 20:02:49	2011-06-03 20:03:29
49	17481	2011-06-03 20:03:49	2011-06-03 20:08:07
86	17508	2011-06-03 20:03:50	2011-06-03 20:06:37
77	17414	2011-06-03 20:03:59	2011-06-03 20:09:55
79	17477	2011-06-03 20:05:52	2011-06-03 20:07:36
86	17508	2011-06-03 20:07:59	2011-06-03 20:08:53
78	17480	2011-06-03 20:08:00	2011-06-03 20:08:39
78	17480	2011-06-03 20:09:04	2011-06-03 20:09:59
49	17481	2011-06-03 20:09:13	2011-06-03 20:10:49
77	17414	2011-06-03 20:11:07	2011-06-03 20:12:17
85	17479	2011-06-03 20:11:33	2011-06-03 20:13:03
79	17475	2011-06-03 20:11:51	2011-06-03 20:12:32
49	17481	2011-06-03 20:12:40	2011-06-03 20:13:59
77	17414	2011-06-03 20:13:12	2011-06-03 20:14:06
85	17479	2011-06-03 20:13:42	2011-06-03 20:18:13
77	17414	2011-06-03 20:14:30	2011-06-03 20:15:24
81	17437	2011-06-03 20:14:54	2011-06-03 20:17:09
86	17508	2011-06-03 20:15:35	2011-06-03 20:16:23
77	17414	2011-06-03 20:15:46	2011-06-03 20:16:26
79	17475	2011-06-03 20:16:50	2011-06-03 20:20:29
87	17412	2011-06-03 20:18:13	2011-06-03 20:19:18
77	17414	2011-06-03 20:19:10	2011-06-03 20:20:52
87	17412	2011-06-03 20:20:22	2011-06-03 20:21:42
79	17475	2011-06-03 20:21:14	2011-06-03 20:23:12
87	17412	2011-06-03 20:22:22	2011-06-03 20:28:47
79	17475	2011-06-03 20:23:48	2011-06-03 20:27:36
78	17481	2011-06-03 20:25:02	2011-06-03 20:26:31
93	17508	2011-06-03 20:27:34	2011-06-03 20:28:29
78	17481	2011-06-03 20:28:26	2011-06-03 20:29:41
87	17412	2011-06-03 20:29:18	2011-06-03 20:33:10
78	17481	2011-06-03 20:30:37	2011-06-03 20:33:11
79	17475	2011-06-03 20:30:50	2011-06-03 20:31:52
86	17508	2011-06-03 20:31:35	2011-06-03 20:33:02
79	17475	2011-06-03 20:32:26	2011-06-03 20:33:23
93	17439	2011-06-03 20:33:46	2011-06-03 20:34:16
79	17475	2011-06-03 20:33:46	2011-06-03 20:38:54
87	17412	2011-06-03 20:34:26	2011-06-03 20:35:23
71	17503	2011-06-03 20:36:04	2011-06-03 20:36:35
71	17503	2011-06-03 20:36:59	2011-06-03 20:37:38
86	17508	2011-06-03 20:37:59	2011-06-03 20:39:25
77	17414	2011-06-03 20:38:38	2011-06-03 20:39:08
79	17475	2011-06-03 20:39:11	2011-06-03 20:39:56
71	17503	2011-06-03 20:41:45	2011-06-03 20:42:17
79	17479	2011-06-03 20:42:40	2011-06-03 20:46:41
74	17437	2011-06-03 20:44:51	2011-06-03 20:47:43
77	17414	2011-06-03 20:45:19	2011-06-03 20:46:28
77	17414	2011-06-03 20:46:46	2011-06-03 20:48:18
78	17481	2011-06-03 20:46:47	2011-06-03 20:47:43
79	17479	2011-06-03 20:47:18	2011-06-03 20:52:09
71	17503	2011-06-03 20:49:33	2011-06-03 20:51:15
87	17405	2011-06-03 20:50:06	2011-06-03 20:51:26
77	17413	2011-06-03 20:52:02	2011-06-03 20:52:41
79	17479	2011-06-03 20:52:42	2011-06-03 20:56:56
77	17413	2011-06-03 20:53:21	2011-06-03 20:58:22
86	17503	2011-06-03 20:55:03	2011-06-03 20:55:34
86	17503	2011-06-03 20:56:06	2011-06-03 20:56:53
79	17479	2011-06-03 20:57:44	2011-06-03 21:02:00
85	17479	2011-06-03 20:57:50	2011-06-03 20:58:24
79	17479	2011-06-03 21:03:15	2011-06-03 21:03:57
79	17479	2011-06-03 21:04:45	2011-06-03 21:06:17
86	17503	2011-06-03 21:05:50	2011-06-03 21:07:34
81	17503	2011-06-03 21:06:39	2011-06-03 21:08:07
86	17503	2011-06-03 21:07:58	2011-06-03 21:09:33
81	17503	2011-06-03 21:08:53	2011-06-03 21:10:29
85	17479	2011-06-03 21:09:57	2011-06-03 21:11:02
81	17503	2011-06-03 21:10:47	2011-06-03 21:11:34
79	17477	2011-06-03 21:10:51	2011-06-03 21:11:45
81	17503	2011-06-03 21:12:00	2011-06-03 21:14:14
78	17475	2011-06-03 21:12:14	2011-06-03 21:12:47
79	17477	2011-06-03 21:14:45	2011-06-03 21:22:02
77	17413	2011-06-03 21:16:25	2011-06-03 21:17:19
49	17414	2011-06-03 21:18:53	2011-06-03 21:21:49
77	17414	2011-06-03 21:19:17	2011-06-03 21:20:03
81	17479	2011-06-03 21:20:47	2011-06-03 21:22:48
49	17414	2011-06-03 21:22:24	2011-06-03 21:23:50
85	17478	2011-06-03 21:23:15	2011-06-03 21:26:14
77	17414	2011-06-03 21:23:40	2011-06-03 21:24:59
81	17478	2011-06-03 21:24:05	2011-06-03 21:25:49
81	17479	2011-06-03 21:26:22	2011-06-03 21:26:56
85	17478	2011-06-03 21:26:38	2011-06-03 21:28:23
49	17405	2011-06-03 21:27:42	2011-06-03 21:29:02
81	17477	2011-06-03 21:30:07	2011-06-03 21:31:26
78	17481	2011-06-03 21:30:22	2011-06-03 21:30:54
86	17439	2011-06-03 21:31:19	2011-06-03 21:32:13
74	17439	2011-06-03 21:37:52	2011-06-03 21:38:39
85	17478	2011-06-03 21:39:19	2011-06-03 21:41:02
87	17412	2011-06-03 21:43:19	2011-06-03 21:45:27
49	17481	2011-06-03 21:44:05	2011-06-03 21:45:03
79	17480	2011-06-03 21:46:33	2011-06-03 21:47:44
77	17413	2011-06-03 21:50:18	2011-06-03 21:51:52
85	17478	2011-06-03 21:56:23	2011-06-03 21:56:54
85	17478	2011-06-03 21:57:17	2011-06-03 21:58:48
77	17413	2011-06-03 21:59:18	2011-06-03 21:59:54
71	17505	2011-06-03 21:59:24	2011-06-03 21:59:54
74	17439	2011-06-03 22:00:58	2011-06-03 22:01:46
89	17439	2011-06-03 22:01:46	2011-06-03 22:02:25
71	17505	2011-06-03 22:06:18	2011-06-03 22:07:05
81	17413	2011-06-03 22:07:11	2011-06-03 22:08:39
74	17439	2011-06-03 22:08:30	2011-06-03 22:09:57
77	17413	2011-06-03 22:09:00	2011-06-03 22:09:39
81	17413	2011-06-03 22:10:21	2011-06-03 22:11:41
77	17413	2011-06-03 22:10:41	2011-06-03 22:14:19
74	17439	2011-06-03 22:11:13	2011-06-03 22:11:53
49	17405	2011-06-03 22:11:34	2011-06-03 22:12:22
94	17405	2011-06-03 22:11:41	2011-06-03 22:13:59
49	17405	2011-06-03 22:12:46	2011-06-03 22:14:38
94	17405	2011-06-03 22:14:30	2011-06-03 22:18:10
49	17405	2011-06-03 22:16:29	2011-06-03 22:17:03
74	17439	2011-06-03 22:16:58	2011-06-03 22:19:55
49	17405	2011-06-03 22:17:42	2011-06-03 22:18:30
91	17405	2011-06-03 22:20:00	2011-06-03 22:20:41
77	17413	2011-06-03 22:20:42	2011-06-03 22:22:23
79	17477	2011-06-03 22:21:05	2011-06-03 22:21:45
49	17405	2011-06-03 22:24:05	2011-06-03 22:24:55
49	17405	2011-06-03 22:25:19	2011-06-03 22:25:50
49	17405	2011-06-03 22:27:10	2011-06-03 22:28:39
81	17505	2011-06-03 22:27:41	2011-06-03 22:29:20
77	17414	2011-06-03 22:28:29	2011-06-03 22:29:01
49	17405	2011-06-03 22:29:11	2011-06-03 22:30:46
49	17405	2011-06-03 22:31:09	2011-06-03 22:32:15
79	17475	2011-06-03 22:36:11	2011-06-03 22:37:54
49	17405	2011-06-03 22:36:15	2011-06-03 22:43:25
79	17477	2011-06-03 22:38:21	2011-06-03 22:39:40
78	17481	2011-06-03 22:39:34	2011-06-03 22:40:45
78	17481	2011-06-03 22:43:09	2011-06-03 22:45:10
79	17475	2011-06-03 22:46:01	2011-06-03 22:48:10
49	17405	2011-06-03 22:46:23	2011-06-03 22:49:00
79	17475	2011-06-03 22:48:46	2011-06-03 22:53:40
78	17475	2011-06-03 22:48:54	2011-06-03 22:49:42
49	17405	2011-06-03 22:49:55	2011-06-03 22:52:36
77	17410	2011-06-03 22:52:08	2011-06-03 22:59:23
78	17475	2011-06-03 22:53:41	2011-06-03 22:54:47
79	17475	2011-06-03 22:54:13	2011-06-03 22:54:44
49	17405	2011-06-03 22:55:03	2011-06-03 22:55:43
78	17480	2011-06-03 22:55:19	2011-06-03 22:57:18
85	17479	2011-06-03 22:56:30	2011-06-03 22:57:11
49	17405	2011-06-03 22:57:11	2011-06-03 22:59:58
81	17475	2011-06-03 22:57:45	2011-06-03 22:58:22
91	17475	2011-06-03 22:58:16	2011-06-03 22:58:53
78	17481	2011-06-03 22:58:37	2011-06-03 22:59:49
79	17475	2011-06-03 22:58:38	2011-06-03 22:59:39
81	17475	2011-06-03 22:59:42	2011-06-03 23:00:53
79	17475	2011-06-03 23:00:03	2011-06-03 23:00:57
78	17481	2011-06-03 23:00:47	2011-06-03 23:01:19
49	17405	2011-06-03 23:00:54	2011-06-03 23:01:28
81	17475	2011-06-03 23:02:15	2011-06-03 23:04:21
77	17405	2011-06-03 23:03:18	2011-06-03 23:06:16
79	17475	2011-06-03 23:04:34	2011-06-03 23:05:21
87	17414	2011-06-03 23:05:01	2011-06-03 23:05:43
79	17475	2011-06-03 23:05:45	2011-06-03 23:06:55
74	17439	2011-06-03 23:06:08	2011-06-03 23:07:11
71	17508	2011-06-03 23:06:41	2011-06-03 23:07:45
79	17475	2011-06-03 23:07:28	2011-06-03 23:11:38
49	17405	2011-06-03 23:07:45	2011-06-03 23:09:50
78	17481	2011-06-03 23:08:56	2011-06-03 23:09:41
77	17414	2011-06-03 23:09:08	2011-06-03 23:09:48
86	17508	2011-06-03 23:10:15	2011-06-03 23:10:56
77	17414	2011-06-03 23:10:27	2011-06-03 23:13:00
78	17481	2011-06-03 23:10:29	2011-06-03 23:13:27
86	17508	2011-06-03 23:11:34	2011-06-03 23:12:42
77	17414	2011-06-03 23:13:26	2011-06-03 23:14:51
78	17481	2011-06-03 23:13:50	2011-06-03 23:14:37
74	17437	2011-06-03 23:14:27	2011-06-03 23:18:08
77	17414	2011-06-03 23:15:08	2011-06-03 23:15:54
49	17413	2011-06-03 23:15:41	2011-06-03 23:16:47
78	17481	2011-06-03 23:16:00	2011-06-03 23:18:55
77	17414	2011-06-03 23:17:03	2011-06-03 23:20:52
79	17475	2011-06-03 23:17:58	2011-06-03 23:18:28
86	17508	2011-06-03 23:18:09	2011-06-03 23:19:01
79	17475	2011-06-03 23:19:04	2011-06-03 23:21:14
85	17478	2011-06-03 23:19:19	2011-06-03 23:20:07
85	17478	2011-06-03 23:21:35	2011-06-03 23:22:33
79	17475	2011-06-03 23:21:53	2011-06-03 23:23:41
77	17414	2011-06-03 23:22:16	2011-06-03 23:23:09
86	17508	2011-06-03 23:24:47	2011-06-03 23:26:22
77	17414	2011-06-03 23:25:08	2011-06-03 23:26:40
87	17415	2011-06-03 23:26:24	2011-06-03 23:27:17
79	17475	2011-06-03 23:27:36	2011-06-03 23:30:50
77	17414	2011-06-03 23:27:38	2011-06-03 23:29:47
49	17475	2011-06-03 23:28:46	2011-06-03 23:29:19
85	17479	2011-06-03 23:29:10	2011-06-03 23:29:43
49	17475	2011-06-03 23:30:32	2011-06-03 23:32:16
77	17414	2011-06-03 23:30:34	2011-06-03 23:31:21
77	17414	2011-06-03 23:32:16	2011-06-03 23:35:06
79	17477	2011-06-03 23:32:32	2011-06-03 23:34:36
87	17412	2011-06-03 23:33:18	2011-06-03 23:34:13
79	17477	2011-06-03 23:35:08	2011-06-03 23:37:11
87	17412	2011-06-03 23:35:27	2011-06-03 23:36:15
77	17414	2011-06-03 23:35:55	2011-06-03 23:37:37
87	17412	2011-06-03 23:36:40	2011-06-03 23:37:19
78	17480	2011-06-03 23:37:26	2011-06-03 23:38:05
77	17414	2011-06-03 23:38:04	2011-06-03 23:38:46
86	17508	2011-06-03 23:41:09	2011-06-03 23:41:43
77	17414	2011-06-03 23:41:46	2011-06-03 23:44:21
71	17505	2011-06-03 23:45:08	2011-06-03 23:46:48
77	17414	2011-06-03 23:47:52	2011-06-03 23:49:55
87	17412	2011-06-03 23:47:54	2011-06-03 23:49:49
71	17503	2011-06-03 23:48:07	2011-06-03 23:50:43
86	17503	2011-06-03 23:48:37	2011-06-03 23:49:18
86	17503	2011-06-03 23:49:41	2011-06-03 23:51:51
78	17503	2011-06-03 23:49:51	2011-06-03 23:56:53
87	17412	2011-06-03 23:50:22	2011-06-03 23:53:24
49	17478	2011-06-03 23:50:55	2011-06-03 23:52:00
85	17478	2011-06-03 23:51:15	2011-06-03 23:52:01
71	17503	2011-06-03 23:51:22	2011-06-03 23:52:09
77	17413	2011-06-03 23:51:37	2011-06-03 23:54:52
79	17475	2011-06-03 23:51:41	2011-06-03 23:52:45
79	17475	2011-06-03 23:53:02	2011-06-03 23:54:37
86	17503	2011-06-03 23:53:03	2011-06-03 23:54:07
86	17503	2011-06-03 23:54:39	2011-06-03 23:57:01
87	17412	2011-06-03 23:54:44	2011-06-03 23:57:52
49	17414	2011-06-03 23:55:01	2011-06-04 00:02:57
71	17503	2011-06-03 23:55:15	2011-06-03 23:55:45
77	17405	2011-06-03 23:57:12	2011-06-03 23:58:12
78	17503	2011-06-03 23:57:30	2011-06-03 23:58:22
86	17503	2011-06-03 23:57:41	2011-06-04 00:00:06
71	17503	2011-06-03 23:59:15	2011-06-03 23:59:47
89	17503	2011-06-04 00:00:26	2011-06-04 00:01:29
77	17414	2011-06-04 00:02:24	2011-06-04 00:03:39
91	17503	2011-06-04 00:02:52	2011-06-04 00:06:29
86	17503	2011-06-04 00:04:06	2011-06-04 00:04:47
86	17503	2011-06-04 00:05:26	2011-06-04 00:08:15
91	17503	2011-06-04 00:06:46	2011-06-04 00:15:57
86	17503	2011-06-04 00:08:39	2011-06-04 00:09:42
49	17481	2011-06-04 00:09:49	2011-06-04 00:11:09
49	17481	2011-06-04 00:11:35	2011-06-04 00:12:05
86	17503	2011-06-04 00:13:17	2011-06-04 00:18:15
79	17475	2011-06-04 00:16:23	2011-06-04 00:21:15
91	17503	2011-06-04 00:17:46	2011-06-04 00:20:37
85	17475	2011-06-04 00:18:38	2011-06-04 00:19:27
86	17503	2011-06-04 00:18:38	2011-06-04 00:29:49
49	17481	2011-06-04 00:19:43	2011-06-04 00:20:14
89	17449	2011-06-04 00:20:10	2011-06-04 00:21:38
91	17503	2011-06-04 00:21:12	2011-06-04 00:23:19
79	17475	2011-06-04 00:21:36	2011-06-04 00:25:38
78	17481	2011-06-04 00:24:13	2011-06-04 00:25:18
79	17475	2011-06-04 00:29:32	2011-06-04 00:30:41
77	17414	2011-06-04 00:29:46	2011-06-04 00:30:49
78	17481	2011-06-04 00:30:45	2011-06-04 00:31:18
86	17503	2011-06-04 00:32:52	2011-06-04 00:33:28
78	17481	2011-06-04 00:33:49	2011-06-04 00:35:27
86	17503	2011-06-04 00:34:29	2011-06-04 00:35:02
79	17475	2011-06-04 00:35:37	2011-06-04 00:37:35
85	17479	2011-06-04 00:36:00	2011-06-04 00:38:07
86	17503	2011-06-04 00:37:43	2011-06-04 00:39:35
86	17503	2011-06-04 00:40:15	2011-06-04 00:42:37
74	17449	2011-06-04 00:41:17	2011-06-04 00:43:56
86	17503	2011-06-04 00:44:00	2011-06-04 00:45:25
71	17502	2011-06-04 00:44:12	2011-06-04 00:46:31
74	17449	2011-06-04 00:44:28	2011-06-04 00:45:22
78	17480	2011-06-04 00:46:23	2011-06-04 00:47:59
71	17502	2011-06-04 00:46:48	2011-06-04 00:49:08
85	17479	2011-06-04 00:47:39	2011-06-04 00:49:09
77	17413	2011-06-04 00:48:21	2011-06-04 00:48:54
77	17413	2011-06-04 00:49:18	2011-06-04 00:50:10
71	17502	2011-06-04 00:49:39	2011-06-04 00:52:19
78	17480	2011-06-04 00:53:18	2011-06-04 00:56:22
77	17414	2011-06-04 00:53:55	2011-06-04 00:54:27
86	17503	2011-06-04 00:54:05	2011-06-04 00:55:58
77	17414	2011-06-04 00:54:50	2011-06-04 00:55:44
71	17502	2011-06-04 00:55:52	2011-06-04 00:57:56
89	17449	2011-06-04 00:56:56	2011-06-04 01:09:01
78	17480	2011-06-04 00:57:35	2011-06-04 00:58:23
71	17502	2011-06-04 00:58:19	2011-06-04 01:01:04
78	17480	2011-06-04 01:00:07	2011-06-04 01:01:02
71	17502	2011-06-04 01:01:52	2011-06-04 01:02:45
86	17503	2011-06-04 01:02:30	2011-06-04 01:04:06
71	17502	2011-06-04 01:03:31	2011-06-04 01:04:20
86	17503	2011-06-04 01:04:23	2011-06-04 01:07:33
71	17502	2011-06-04 01:07:13	2011-06-04 01:07:49
86	17503	2011-06-04 01:08:06	2011-06-04 01:13:26
71	17502	2011-06-04 01:08:14	2011-06-04 01:09:08
71	17502	2011-06-04 01:10:03	2011-06-04 01:12:13
71	17502	2011-06-04 01:12:30	2011-06-04 01:13:09
71	17502	2011-06-04 01:13:49	2011-06-04 01:15:29
79	17477	2011-06-04 01:15:36	2011-06-04 01:16:31
71	17502	2011-06-04 01:15:46	2011-06-04 01:17:19
86	17503	2011-06-04 01:17:34	2011-06-04 01:19:42
79	17477	2011-06-04 01:17:49	2011-06-04 01:18:20
49	17475	2011-06-04 01:17:58	2011-06-04 01:19:19
71	17502	2011-06-04 01:18:19	2011-06-04 01:23:09
71	17502	2011-06-04 01:23:31	2011-06-04 01:29:16
78	17503	2011-06-04 01:24:54	2011-06-04 01:25:57
71	17502	2011-06-04 01:29:40	2011-06-04 01:30:16
71	17502	2011-06-04 01:31:06	2011-06-04 01:32:14
77	17414	2011-06-04 01:43:33	2011-06-04 01:46:00
87	17414	2011-06-04 01:45:03	2011-06-04 01:45:41
77	17414	2011-06-04 01:49:14	2011-06-04 01:50:09
78	17480	2011-06-04 01:50:23	2011-06-04 01:51:41
77	17414	2011-06-04 01:53:09	2011-06-04 01:54:27
74	17437	2011-06-04 01:54:19	2011-06-04 02:00:32
77	17414	2011-06-04 01:55:13	2011-06-04 01:56:00
71	17502	2011-06-04 01:57:49	2011-06-04 01:59:22
85	17478	2011-06-04 02:00:14	2011-06-04 02:01:17
74	17437	2011-06-04 02:00:57	2011-06-04 02:03:25
86	17503	2011-06-04 02:03:26	2011-06-04 02:05:41
86	17503	2011-06-04 02:05:59	2011-06-04 02:07:34
71	17502	2011-06-04 02:19:40	2011-06-04 02:20:56
71	17502	2011-06-04 02:21:21	2011-06-04 02:24:27
78	17481	2011-06-04 02:31:47	2011-06-04 02:33:03
71	17502	2011-06-04 02:38:05	2011-06-04 02:38:50
78	17481	2011-06-04 02:42:46	2011-06-04 02:45:25
85	17479	2011-06-04 02:43:12	2011-06-04 02:43:42
71	17502	2011-06-04 02:43:25	2011-06-04 02:44:26
85	17479	2011-06-04 02:44:40	2011-06-04 02:45:20
71	17502	2011-06-04 02:45:59	2011-06-04 02:54:25
86	17505	2011-06-04 02:49:18	2011-06-04 02:50:29
71	17502	2011-06-04 02:55:05	2011-06-04 02:56:25
77	17414	2011-06-04 02:56:23	2011-06-04 02:57:02
71	17502	2011-06-04 02:56:46	2011-06-04 02:57:32
79	17475	2011-06-04 03:04:04	2011-06-04 03:05:53
79	17475	2011-06-04 03:06:18	2011-06-04 03:11:51
87	17415	2011-06-04 03:08:13	2011-06-04 03:09:50
49	17415	2011-06-04 03:09:34	2011-06-04 03:10:14
77	17415	2011-06-04 03:10:33	2011-06-04 03:11:39
49	17415	2011-06-04 03:10:53	2011-06-04 03:12:30
79	17475	2011-06-04 03:12:28	2011-06-04 03:15:14
87	17415	2011-06-04 03:17:02	2011-06-04 03:18:37
49	17405	2011-06-04 03:19:51	2011-06-04 03:20:37
49	17405	2011-06-04 03:23:27	2011-06-04 03:24:38
49	17405	2011-06-04 03:25:11	2011-06-04 03:28:24
79	17475	2011-06-04 03:28:11	2011-06-04 03:34:42
49	17405	2011-06-04 03:29:20	2011-06-04 03:29:53
77	17415	2011-06-04 03:30:54	2011-06-04 03:32:16
77	17415	2011-06-04 03:33:00	2011-06-04 03:34:04
78	17481	2011-06-04 03:34:38	2011-06-04 03:37:02
77	17415	2011-06-04 03:35:05	2011-06-04 03:36:08
49	17414	2011-06-04 03:35:19	2011-06-04 03:39:27
79	17475	2011-06-04 03:36:16	2011-06-04 03:42:59
86	17508	2011-06-04 03:37:59	2011-06-04 03:38:53
78	17481	2011-06-04 03:39:36	2011-06-04 03:43:10
77	17415	2011-06-04 03:39:45	2011-06-04 03:40:34
49	17414	2011-06-04 03:43:33	2011-06-04 03:44:07
77	17415	2011-06-04 03:43:54	2011-06-04 03:44:33
79	17475	2011-06-04 03:44:18	2011-06-04 03:45:19
79	17475	2011-06-04 03:45:44	2011-06-04 03:46:48
78	17481	2011-06-04 03:46:43	2011-06-04 03:47:59
77	17415	2011-06-04 03:47:27	2011-06-04 03:49:22
79	17475	2011-06-04 03:47:42	2011-06-04 03:48:20
79	17475	2011-06-04 03:49:55	2011-06-04 03:54:03
85	17479	2011-06-04 03:50:47	2011-06-04 03:51:29
49	17475	2011-06-04 03:51:02	2011-06-04 03:51:32
85	17479	2011-06-04 03:53:03	2011-06-04 03:55:19
78	17481	2011-06-04 03:56:15	2011-06-04 03:57:11
77	17415	2011-06-04 03:56:31	2011-06-04 03:57:24
77	17415	2011-06-04 03:57:49	2011-06-04 03:59:38
78	17481	2011-06-04 03:58:47	2011-06-04 03:59:34
71	17502	2011-06-04 04:01:41	2011-06-04 04:02:29
77	17415	2011-06-04 04:02:06	2011-06-04 04:06:25
79	17475	2011-06-04 04:02:12	2011-06-04 04:04:57
71	17502	2011-06-04 04:03:31	2011-06-04 04:08:34
49	17481	2011-06-04 04:04:54	2011-06-04 04:07:09
86	17503	2011-06-04 04:07:03	2011-06-04 04:09:10
78	17480	2011-06-04 04:08:21	2011-06-04 04:09:27
49	17481	2011-06-04 04:09:09	2011-06-04 04:13:34
78	17480	2011-06-04 04:10:39	2011-06-04 04:11:51
86	17503	2011-06-04 04:10:53	2011-06-04 04:15:59
77	17413	2011-06-04 04:11:41	2011-06-04 04:12:13
77	17413	2011-06-04 04:12:35	2011-06-04 04:14:01
79	17477	2011-06-04 04:13:37	2011-06-04 04:19:31
87	17415	2011-06-04 04:15:50	2011-06-04 04:17:04
49	17481	2011-06-04 04:15:58	2011-06-04 04:17:20
71	17505	2011-06-04 04:16:36	2011-06-04 04:17:08
86	17503	2011-06-04 04:16:36	2011-06-04 04:17:10
79	17477	2011-06-04 04:20:09	2011-06-04 04:20:50
77	17413	2011-06-04 04:21:42	2011-06-04 04:23:09
71	17505	2011-06-04 04:23:40	2011-06-04 04:24:40
79	17477	2011-06-04 04:23:46	2011-06-04 04:24:50
78	17405	2011-06-04 04:24:31	2011-06-04 04:25:02
91	17449	2011-06-04 04:25:42	2011-06-04 04:29:03
79	17477	2011-06-04 04:26:00	2011-06-04 04:26:38
77	17414	2011-06-04 04:28:02	2011-06-04 04:30:15
79	17477	2011-06-04 04:28:12	2011-06-04 04:29:37
77	17414	2011-06-04 04:30:32	2011-06-04 04:31:42
49	17475	2011-06-04 04:31:04	2011-06-04 04:33:57
79	17475	2011-06-04 04:31:30	2011-06-04 04:33:39
86	17505	2011-06-04 04:35:02	2011-06-04 04:35:36
86	17505	2011-06-04 04:36:19	2011-06-04 04:37:19
77	17414	2011-06-04 04:36:20	2011-06-04 04:39:31
49	17475	2011-06-04 04:37:33	2011-06-04 04:41:02
79	17477	2011-06-04 04:37:41	2011-06-04 04:38:11
79	17477	2011-06-04 04:39:29	2011-06-04 04:40:32
77	17414	2011-06-04 04:40:17	2011-06-04 04:41:47
78	17475	2011-06-04 04:40:47	2011-06-04 04:42:13
79	17475	2011-06-04 04:41:12	2011-06-04 04:42:12
87	17415	2011-06-04 04:41:18	2011-06-04 04:42:30
77	17414	2011-06-04 04:43:22	2011-06-04 04:44:55
49	17475	2011-06-04 04:43:41	2011-06-04 04:44:13
79	17477	2011-06-04 04:43:46	2011-06-04 04:44:41
74	17437	2011-06-04 04:44:41	2011-06-04 04:46:43
79	17477	2011-06-04 04:45:13	2011-06-04 04:48:42
49	17475	2011-06-04 04:47:09	2011-06-04 04:48:13
87	17415	2011-06-04 04:48:37	2011-06-04 04:50:55
49	17405	2011-06-04 04:49:25	2011-06-04 04:51:34
86	17503	2011-06-04 04:50:54	2011-06-04 04:52:06
85	17479	2011-06-04 04:51:33	2011-06-04 04:52:22
49	17405	2011-06-04 04:52:30	2011-06-04 04:56:53
85	17479	2011-06-04 04:53:09	2011-06-04 04:54:45
86	17503	2011-06-04 04:53:10	2011-06-04 04:53:48
87	17415	2011-06-04 04:55:51	2011-06-04 04:56:55
71	17502	2011-06-04 04:58:17	2011-06-04 04:58:49
49	17405	2011-06-04 04:58:55	2011-06-04 05:02:01
79	17480	2011-06-04 05:00:08	2011-06-04 05:01:06
87	17415	2011-06-04 05:01:36	2011-06-04 05:02:40
85	17478	2011-06-04 05:02:54	2011-06-04 05:04:46
49	17405	2011-06-04 05:04:11	2011-06-04 05:07:26
85	17478	2011-06-04 05:05:25	2011-06-04 05:08:06
77	17413	2011-06-04 05:06:13	2011-06-04 05:08:10
74	17437	2011-06-04 05:06:30	2011-06-04 05:08:12
87	17415	2011-06-04 05:09:26	2011-06-04 05:10:29
87	17415	2011-06-04 05:11:49	2011-06-04 05:13:27
85	17478	2011-06-04 05:13:02	2011-06-04 05:14:13
86	17503	2011-06-04 05:13:19	2011-06-04 05:16:07
86	17503	2011-06-04 05:16:55	2011-06-04 05:18:39
87	17415	2011-06-04 05:20:39	2011-06-04 05:21:34
87	17415	2011-06-04 05:21:51	2011-06-04 05:23:17
87	17415	2011-06-04 05:23:43	2011-06-04 05:24:53
77	17413	2011-06-04 05:24:42	2011-06-04 05:25:37
79	17475	2011-06-04 05:25:13	2011-06-04 05:27:23
49	17475	2011-06-04 05:25:19	2011-06-04 05:25:49
77	17413	2011-06-04 05:28:20	2011-06-04 05:29:06
49	17405	2011-06-04 05:28:31	2011-06-04 05:29:26
79	17479	2011-06-04 05:28:58	2011-06-04 05:30:31
49	17405	2011-06-04 05:29:58	2011-06-04 05:30:39
78	17405	2011-06-04 05:31:17	2011-06-04 05:31:59
49	17405	2011-06-04 05:32:16	2011-06-04 05:43:35
77	17413	2011-06-04 05:32:59	2011-06-04 05:33:32
85	17478	2011-06-04 05:33:17	2011-06-04 05:33:51
78	17405	2011-06-04 05:33:35	2011-06-04 05:36:53
71	17505	2011-06-04 05:33:43	2011-06-04 05:34:58
77	17413	2011-06-04 05:36:22	2011-06-04 05:37:25
77	17413	2011-06-04 05:40:10	2011-06-04 05:43:46
49	17405	2011-06-04 05:43:52	2011-06-04 05:46:53
77	17413	2011-06-04 05:44:09	2011-06-04 05:45:12
77	17413	2011-06-04 05:45:53	2011-06-04 05:47:16
86	17503	2011-06-04 05:47:18	2011-06-04 05:48:45
77	17413	2011-06-04 05:47:33	2011-06-04 05:48:33
49	17405	2011-06-04 05:47:57	2011-06-04 05:51:41
86	17503	2011-06-04 05:49:02	2011-06-04 05:49:57
78	17481	2011-06-04 05:50:15	2011-06-04 05:52:21
86	17503	2011-06-04 05:50:15	2011-06-04 05:53:01
49	17405	2011-06-04 05:52:05	2011-06-04 05:52:37
71	17505	2011-06-04 05:52:12	2011-06-04 05:53:07
49	17405	2011-06-04 05:52:54	2011-06-04 05:53:50
86	17503	2011-06-04 05:53:26	2011-06-04 05:55:10
78	17481	2011-06-04 05:54:21	2011-06-04 05:56:15
49	17405	2011-06-04 05:54:47	2011-06-04 06:00:31
78	17481	2011-06-04 05:57:04	2011-06-04 05:58:38
86	17503	2011-06-04 05:57:59	2011-06-04 06:10:22
85	17479	2011-06-04 05:58:56	2011-06-04 05:59:50
78	17481	2011-06-04 06:00:22	2011-06-04 06:02:07
74	17437	2011-06-04 06:03:08	2011-06-04 06:04:48
78	17481	2011-06-04 06:03:57	2011-06-04 06:11:33
49	17405	2011-06-04 06:04:31	2011-06-04 06:05:18
71	17502	2011-06-04 06:05:04	2011-06-04 06:05:59
49	17405	2011-06-04 06:05:42	2011-06-04 06:08:07
79	17475	2011-06-04 06:06:22	2011-06-04 06:07:41
49	17405	2011-06-04 06:08:29	2011-06-04 06:15:47
79	17477	2011-06-04 06:09:04	2011-06-04 06:10:09
71	17502	2011-06-04 06:11:24	2011-06-04 06:13:31
78	17481	2011-06-04 06:12:14	2011-06-04 06:17:50
74	17437	2011-06-04 06:12:43	2011-06-04 06:13:46
79	17481	2011-06-04 06:13:38	2011-06-04 06:24:34
77	17405	2011-06-04 06:16:47	2011-06-04 06:17:26
77	17405	2011-06-04 06:17:56	2011-06-04 06:18:52
49	17405	2011-06-04 06:18:40	2011-06-04 06:19:51
78	17481	2011-06-04 06:19:33	2011-06-04 06:20:06
87	17415	2011-06-04 06:20:07	2011-06-04 06:22:06
49	17405	2011-06-04 06:20:38	2011-06-04 06:22:06
78	17481	2011-06-04 06:21:11	2011-06-04 06:21:58
85	17478	2011-06-04 06:21:27	2011-06-04 06:22:07
85	17478	2011-06-04 06:22:48	2011-06-04 06:24:13
87	17415	2011-06-04 06:22:54	2011-06-04 06:24:22
86	17503	2011-06-04 06:23:59	2011-06-04 06:26:38
77	17405	2011-06-04 06:24:32	2011-06-04 06:25:20
78	17481	2011-06-04 06:24:39	2011-06-04 06:25:36
79	17480	2011-06-04 06:25:05	2011-06-04 06:25:49
49	17477	2011-06-04 06:25:19	2011-06-04 06:27:25
78	17481	2011-06-04 06:26:07	2011-06-04 06:26:47
71	17502	2011-06-04 06:27:01	2011-06-04 06:27:31
78	17481	2011-06-04 06:27:43	2011-06-04 06:28:24
86	17503	2011-06-04 06:28:30	2011-06-04 06:29:34
86	17503	2011-06-04 06:29:51	2011-06-04 06:33:04
49	17405	2011-06-04 06:30:31	2011-06-04 06:32:06
49	17405	2011-06-04 06:33:26	2011-06-04 06:33:58
87	17415	2011-06-04 06:37:41	2011-06-04 06:39:26
77	17410	2011-06-04 06:37:57	2011-06-04 06:39:38
79	17475	2011-06-04 06:38:43	2011-06-04 06:40:16
86	17508	2011-06-04 06:45:25	2011-06-04 06:46:30
49	17405	2011-06-04 06:46:11	2011-06-04 06:50:10
87	17415	2011-06-04 06:46:31	2011-06-04 06:47:49
49	17405	2011-06-04 06:51:10	2011-06-04 06:52:20
89	17438	2011-06-04 06:54:17	2011-06-04 06:54:55
